name,price,link
ASUS Dual GeForce RTX 3060 12GB GDDR6 PCI Express 4.0 x16 Video Card DUAL-RTX3060-O12G-V2,$300,https://www.newegg.com/p/1FT-000Y-007G0?Description=3060&cm_re=3060-_-1FT-000Y-007G0-_-Product
GIGABYTE Eagle OC GeForce RTX 3060 12GB GDDR6 PCI Express 4.0 ATX Video Card GV-N3060EAGLE OC-12GD (rev. 2.0) (LHR),$324,https://www.newegg.com/gigabyte-geforce-rtx-3060-gv-n3060eagle-oc-12gd/p/N82E16814932434R?Description=3060&cm_re=3060-_-14-932-434R-_-Product
GIGABYTE GeForce RTX 3060 OC Windforce 12GB GDDR6 GV-N3060GAMING OC-12GD Video Graphic Card GPU,$349,https://www.newegg.com/gigabyte-rtx-3060/p/1FT-000A-005B1?Description=3060&cm_re=3060-_-9SIADFRHJY6216-_-Product
"GIGABYTE EAGLE OC GeForce RTX 3060 12GB GDDR6 PCI Express 4.0 ATX Video Card, LHR GV-N3060EAGLE OC-12GD (rev. 2.0)",$349,https://www.newegg.com/gigabyte-geforce-rtx-3060-gv-n3060eagle-oc-12gd/p/N82E16814932531R?Description=3060&cm_re=3060-_-14-932-531R-_-Product
"GIGABYTE Gaming GeForce RTX 3060 12GB GDDR6 PCI Express 4.0 ATX Video Card, LHR GV-N3060GAMING OC-12GD (rev. 2.0)",$349,https://www.newegg.com/gigabyte-geforce-rtx-3060-gv-n3060gaming-oc-12gd/p/N82E16814932509?Description=3060&cm_re=3060-_-14-932-509-_-Product
"ASUS TUF Gaming GeForce RTX 3060 12GB GDDR6 PCI Express 4.0 Video Card, OC Edition TUF-RTX3060-O12G-V2-GAMING LHR",$350,https://www.newegg.com/p/1FT-000Y-007J2?Description=3060&cm_re=3060-_-1FT-000Y-007J2-_-Product
GIGABYTE Gaming OC GeForce RTX 3060 12GB GDDR6 PCI Express 4.0 ATX Video Card GV-N3060GAMING OC-12GD (rev. 2.0) (LHR),$351,https://www.newegg.com/gigabyte-geforce-rtx-3060-gv-n3060gaming-oc-12gd/p/N82E16814932433R?Description=3060&cm_re=3060-_-14-932-433R-_-Product
"GIGABYTE VISION OC GeForce RTX 3060 12GB GDDR6 PCI Express 4.0 ATX Video Card, LHR GV-N3060VISION OC-12GD (rev. 2.0)",$359,https://www.newegg.com/gigabyte-geforce-rtx-3060-gv-n3060vision-oc-12gd/p/N82E16814932532R?Description=3060&cm_re=3060-_-14-932-532R-_-Product
MSI RTX 3060 Ti Gaming X 8G LHR Gaming GeForce RTX 3060 Ti Video Card,$360,https://www.newegg.com/msi-geforce-rtx-3060-ti-rtx-3060-ti-gaming-x-8g-lhr/p/1FT-0009-009F6?Description=3060&cm_re=3060-_-1FT-0009-009F6-_-Product
GIGABYTE EAGLE OC GeForce RTX 3060 12GB GDDR6 PCI Express 4.0 ATX Video Card GV-N3060EAGLE OC-12GD,$369,https://www.newegg.com/gigabyte-geforce-rtx-3060-gv-n3060eagle-oc-12gd/p/N82E16814932516?Description=3060&cm_re=3060-_-14-932-516-_-Product
ASUS TUF Gaming GeForce RTX 3060 Ti 8GB GDDR6 PCI Express 4.0 x16 Video Card TUF-RTX3060TI-O8G-V2-GAMING,$370,https://www.newegg.com/p/1FT-000Y-007N4?Description=3060&cm_re=3060-_-1FT-000Y-007N4-_-Product
GIGABYTE GV-N306TAORUS E-8GD (rev. 2.0) AORUS GeForce RTX 3060 Ti Video Card,$375,https://www.newegg.com/gigabyte-geforce-rtx-3060-ti-gv-n306taorus-e-8gd/p/1FT-000A-004S2?Description=3060&cm_re=3060-_-1FT-000A-004S2-_-Product
GIGABYTE GeForce RTX 3060 Gaming OC 12GB GDDR6 GV-N3060GAMING OC-12GD Video Graphic Card GPU,$379,https://www.newegg.com/gigabyte-geforce-rtx-3060/p/1FT-000A-005K2?Description=3060&cm_re=3060-_-9SIADFRJ074452-_-Product
GIGABYTE GV-N306TGAMINGOC PRO-8GD (rev. 3.0) Gaming GeForce RTX 3060 Ti Video Card,$380,https://www.newegg.com/gigabyte-geforce-rtx-3060-ti-gv-n306tgamingoc-pro-8gd/p/1FT-000A-004C6?Description=3060&cm_re=3060-_-1FT-000A-004C6-_-Product
ASUS ROG Strix GeForce RTX 3060 12GB GDDR6 PCI Express 4.0 x16 Video Card ROG-STRIX-RTX3060-O12G-V2-GAMING,$385,https://www.newegg.com/p/1FT-000Y-007K4?Description=3060&cm_re=3060-_-1FT-000Y-007K4-_-Product
MAXSUN Nvidia GeForce RTX 3060 iCraft OC Edtion 12G GDDR6 Vidoe Gaming Graphics Cards PCI Express 4.0 x16 HDMI 2.1 GPU,$388,https://www.newegg.com/maxsun-rtx-3060/p/1FT-009J-000A0?Description=3060&cm_re=3060-_-1FT-009J-000A0-_-Product
"ATS RTX 3060 12G GAMING Video Card, GPU Graphics 12GB 192-bit GDDR6 PCI Express 4.0,1777MHz Core Frequency,2×HDMI2.1 Interface, 3×DisplayPort1.4a Interface",$389,https://www.newegg.com/p/1FT-00HW-00021?Description=3060&cm_re=3060-_-9SIB601J7R7784-_-Product
"ATS RTX3060TI-O8G-V2-GAMING LHR(LHR) Video Card,8GB 256-bit GDDR6 PCI Express 4.0 x16,1740MHz Core Frequency,2×HDMI2.1, 3×DisplayPort1.4a",$390,https://www.newegg.com/p/1FT-000Y-008C9?Description=3060&cm_re=3060-_-9SIBF9VJ826803-_-Product
MSI Gaming GeForce RTX 3060 Ti 8GB GDDR6 PCI Express 4.0 Video Card RTX 3060 Ti GAMING X TRIO LHR,$405,https://www.newegg.com/msi-geforce-rtx-3060-ti-geforce-rtx-3060-ti-gaming-x-trio-lhr/p/1FT-0009-00AJ3?Description=3060&cm_re=3060-_-9SIBF9VJ895457-_-Product
MSI RTX 3060 Ti GAMING Z TRIO 8G LHR Gaming GeForce RTX 3060 Ti Video Card,$405,https://www.newegg.com/msi-geforce-rtx-3060-ti-rtx-3060-ti-gaming-z-trio-8g-lhr/p/1FT-0009-009H1?Description=3060&cm_re=3060-_-1FT-0009-009H1-_-Product
"PNY GeForce RTX 3060 12GB XLR8 Gaming REVEL EPIC-X RGB Single Fan Graphics Card, VCG306012SFXPPB",$406,https://www.newegg.com/pny-geforce-rtx-3060-vcg306012sfxppb/p/N82E16814133820?Description=3060&cm_re=3060-_-14-133-820-_-Product
GIGABYTE Eagle GeForce RTX 3060 12GB GDDR6 PCI Express 4.0 ATX Video Card GV-N3060EAGLE-12GD (rev. 2.0) (LHR),$410,https://www.newegg.com/gigabyte-geforce-rtx-3060-gv-n3060eagle-12gd/p/N82E16814932464?Description=3060&cm_re=3060-_-14-932-464-_-Product
GIGABYTE AORUS GeForce RTX 3060 12GB GDDR6 PCI Express 4.0 ATX Video Card GV-N3060AORUS E-12GD,$411,https://www.newegg.com/gigabyte-geforce-rtx-3060-gv-n3060aorus-e-12gd/p/N82E16814932506?Description=3060&cm_re=3060-_-14-932-506-_-Product
"ZOTAC GAMING GeForce RTX 3060 AMP White Edition, 12GB GDDR6, 192-bit, 15 Gbps, PCI 4.0, Gaming Graphics Card, IceStorm 2.0 Advanced Cooling, ZT-A30600F-10P",$419,https://www.newegg.com/p/1FT-000M-00376?Description=3060&cm_re=3060-_-1FT-000M-00376-_-Product
MAXSUN GeForce RTX 3060 12G GDDR6 Vidoe Gaming Computer Graphics Cards ITX Design PCI Express 4.0 x16 HDMI 2.1 GPU,$419,https://www.newegg.com/maxsun-rtx-3060/p/1FT-009J-000C1?Description=3060&cm_re=3060-_-9SIAXZZJJU2307-_-Product
NVIDIA ZOTAC GAMING GeForce RTX 3060 Twin Edge 12G OC Graphics Card 12GB GDDR6 1807MHz Boost Clock 192bit Bus Width PCI Express 4.0x16 3xDisplayPort HDMI (ZT-A30600K-10H),$419,https://www.newegg.com/p/1FT-000M-00375?Description=3060&cm_re=3060-_-9SIAFVFGW32167-_-Product
Peladn Gaming RTX 3060 12G Graphics Card GDDR6 PCI Express 4.0 Video Card Dual-fan Edition,$419,https://www.newegg.com/peladn-ga106-rtx3060/p/27N-008H-00006?Description=3060&cm_re=3060-_-9SIB3GDJJZ0558-_-Product
"PNY GeForce RTX 3060 12GB XLR8 Gaming REVEL EPIC-X RGB Dual Fan Graphics Card, VCG306012DFXPPB",$422,https://www.newegg.com/pny-geforce-rtx-3060-vcg306012dfxppb/p/N82E16814133821?Description=3060&cm_re=3060-_-14-133-821-_-Product
"ZOTAC GAMING GeForce RTX 3060 Twin Edge 12GB GDDR6 192-bit 15 Gbps PCIE 4.0 Gaming Graphics Card, IceStorm 2.0 Cooling, Active Fan Control, FREEZE Fan Stop, ZT-A30600E-10M",$423,https://www.newegg.com/zotac-geforce-rtx-3060-zt-a30600e-10m/p/N82E16814500509?Description=3060&cm_re=3060-_-14-500-509-_-Product
MSI Ventus GeForce RTX 3060 12GB GDDR6 PCI Express 4.0 Video Card RTX 3060 VENTUS 2X 12G,$428,https://www.newegg.com/msi-geforce-rtx-3060-rtx-3060-ventus-2x-12g/p/N82E16814137638?Description=3060&cm_re=3060-_-14-137-638-_-Product
Yeston RTX 3060 12GB GDDR6 LHR Graphics cards Nvidia pci express x16 4.0 video cards Desktop computer PC video gaming graphics card,$429,https://www.newegg.com/yeston-geforce-rtx-3060-rtx3060-12g-d6-ma/p/1FT-007N-00077?Description=3060&cm_re=3060-_-9SIAZUEJ4U5241-_-Product
"ASUS ROG Strix NVIDIA GeForce RTX 3060 Ti V2 OC Edition Gaming Graphics Card (PCIe 4.0, 8GB GDDR6, LHR, HDMI 2.1, DisplayPort 1.4a, Axial-tech Fan Design, 2.9-slot, Super Alloy Power II, GPU Tweak II)",$435,https://www.newegg.com/p/1FT-000Y-008C8?Description=3060&cm_re=3060-_-9SIBF9VJ7R9680-_-Product
GIGABYTE Gaming GeForce RTX 3060 12GB GDDR6 PCI Express 4.0 ATX Video Card GV-N3060GAMING OC-12GD,$439,https://www.newegg.com/gigabyte-geforce-rtx-3060-gv-n3060gaming-oc-12gd/p/N82E16814932507R?Description=3060&cm_re=3060-_-14-932-507R-_-Product
MSI Gaming GeForce RTX 3060 Ti Ventus 3X 8G OCV1 LHR GDRR6 256-Bit Graphics Card,$441,https://www.newegg.com/msi-geforce-rtx-3060-ti-ventus-3x-8g-oc-lhr/p/1FT-0009-00AB9?Description=3060&cm_re=3060-_-1FT-0009-00AB9-_-Product
"ASUS Phoenix NVIDIA GeForce RTX 3060 V2 Gaming Graphics Card (PCIe 4.0, 12GB GDDR6, HDMI 2.1, DisplayPort 1.4a, Axial-tech Fan Design, Protective Backplate, Dual Ball Fan Bearings, Auto-Extreme)",$445,https://www.newegg.com/asus-geforce-rtx-3060-ph-rtx3060-12g-v2/p/N82E16814126532?Description=3060&cm_re=3060-_-14-126-532-_-Product
ASUS TUF Gaming GeForce RTX 3060 12GB GDDR6 PCI Express 4.0 Video Card TUF-RTX3060-O12G-V2-GAMING,$446,https://www.newegg.com/asus-geforce-rtx-3060-tuf-rtx3060-o12g-v2-gaming/p/1FT-000Y-006D6?Description=3060&cm_re=3060-_-1FT-000Y-006D6-_-Product
MSI Ventus GeForce RTX 3060 12GB GDDR6 PCI Express 4.0 Video Card RTX 3060 Ventus 2X 12G OC,$450,https://www.newegg.com/p/1FT-0009-00685?Description=3060&cm_re=3060-_-1FT-0009-00685-_-Product
GIGABYTE Gaming GV-N306TGAMINGOC PRO-8GD (rev. 3.0) (LHR) OC PRO GeForce RTX 3060 Ti 8GB GDDR6 PCI Express 4.0 ATX Video Card,$455,https://www.newegg.com/gigabyte-geforce-rtx-3060-ti-gv-n306tgamingoc-pro-8gd/p/1FT-000A-005H9?Description=3060&cm_re=3060-_-1FT-000A-005H9-_-Product
Yeston RTX 3060 TI 8GB GDDR6 LHR Graphics cards Nvidia pci express x16 4.0 video cards Desktop computer PC video gaming graphics card,$459,https://www.newegg.com/yeston-geforce-rtx-3060-ti-rtx-3060ti/p/1FT-007N-00076?Description=3060&cm_re=3060-_-9SIAZUEJ1V6503-_-Product
"ZOTAC GAMING GeForce RTX 3060 Ti Twin Edge OC LHR 8GB GDDR6 256-bit 14 Gbps PCIE 4.0 Gaming Graphics Card, IceStorm 2.0 Advanced Cooling, Active Fan Control, FREEZE Fan Stop ZT-A30610H-10MLHR",$459,https://www.newegg.com/zotac-geforce-rtx-3060-ti-zt-a30610h-10mlhr/p/N82E16814500518?Description=3060&cm_re=3060-_-14-500-518-_-Product
GIGABYTE AORUS GeForce RTX 3060 ELITE 12GB GDDR6 PCI Express 4.0 ATX Video Card GV-N3060AORUS E-12GD (rev. 2.0) (LHR),$459,https://www.newegg.com/gigabyte-geforce-rtx-3060-gv-n3060aorus-e-12gd/p/N82E16814932431R?Description=3060&cm_re=3060-_-14-932-431R-_-Product
Peladn GeForce RTX 3060 Ti 8GB GDDR6 PCI Express 4.0 Video Card RTX 3060 Ti 3X 8G OC,$459,https://www.newegg.com/peladn-ga-104-rtx30/p/1FT-00EY-00021?Description=3060&cm_re=3060-_-9SIB3GDJJU2317-_-Product
MSI GeForce RTX 3060 AERO ITX 12G OC NVIDIA 12GB GDDR6 Graphic Card,$466,https://www.newegg.com/p/1FT-0009-00923?Description=3060&cm_re=3060-_-1FT-0009-00923-_-Product
"51RISC RTX 3060 12G GAMING Video Card, LHR GPU Graphics 12GB 192-bit GDDR6 PCI Express 4.0,1777MHz Core Frequency,1×HDMI2.1 Interface, 3×DisplayPort1.4a Interface",$469,https://www.newegg.com/p/1FT-00H9-00010?Description=3060&cm_re=3060-_-9SIB86XHFU4569-_-Product
MAXSUN GeForce RTX 3060 Ti iCraft OC Edtion 8G GDDR6 Vidoe Gaming Graphics Cards PCI Express 4.0 x16 HDMI 2.1 GPU,$478,https://www.newegg.com/maxsun-rtx-3060-ti/p/1FT-009J-000A8?Description=3060&cm_re=3060-_-1FT-009J-000A8-_-Product
GIGABYTE GeForce RTX 3060 Ti Eagle OC 8GB GDDR6 GV-N306TEAGLE OC-8GD RE Video Graphic Card GPU,$479,https://www.newegg.com/gigabyte-geforce-rtx-3060-ti/p/1FT-000A-005K0?Description=3060&cm_re=3060-_-9SIADFRJ074451-_-Product
EVGA GeForce RTX 3060 12GB XC GAMING GDDR6 Video Graphics Card GPU,$489,https://www.newegg.com/p/1FT-001K-00DG2?Description=3060&cm_re=3060-_-1FT-001K-00DG2-_-Product
EVGA NVIDIA GeForce RTX 3060 XC 12GB DDDR6 Video Card - NEW SEALED,$489,https://www.newegg.com/evga-geforce-rtx-3060-12g-p5-3657-kr/p/1FT-0004-006M1?Description=3060&cm_re=3060-_-1FT-0004-006M1-_-Product
MSI Ventus GeForce RTX 3060 Ti 8GB GDDR6 PCI Express 4.0 Video Card RTX 3060 Ti VENTUS 3X 8G OC LHR,$489,https://www.newegg.com/msi-geforce-rtx-3060-ti-rtx-3060-ti-ventus-3x-8g-oc-lhr/p/N82E16814137680R?Description=3060&cm_re=3060-_-14-137-680R-_-Product
PNY GeForce RTX 3060 Ti 8GB XLR8 Gaming Revel Epic-X RGB Dual Fan Graphics Card LHR VCG3060T8LDFXPPB,$489,https://www.newegg.com/p/1FT-000P-005M0?Description=3060&cm_re=3060-_-1FT-000P-005M0-_-Product
Asus Dual GeForce RTX 3060 V2 OC Edition NVIDIA 12GB GDDR6 Graphics Card,$489,https://www.newegg.com/p/1FT-000Y-00755?Description=3060&cm_re=3060-_-1FT-000Y-00755-_-Product
"ASUS DUAL GeForce RTX 3060 OC Edition Gaming Graphics Card (PCIe 4.0, 12GB GDDR6 Memory, HDMI 2.1, DisplayPort 1.4a, 2-slot Design, Axial-tech Fan Design, 0dB Technology), DUAL-RTX3060-O12G",$495,https://www.newegg.com/asus-dual-rtx3060-o12g/p/N82E16814126496?Description=3060&cm_re=3060-_-14-126-496-_-Product
ZOTAC GAMING GeForce RTX 3060 Ti AMP White Edition LHR 8GB GDDR6 PCI Express 4.0 ATX Video Card ZT-A30610F-10PLHR,$499,https://www.newegg.com/zotac-geforce-rtx-3060-ti-zt-a30610f-10plhr/p/N82E16814500524?Description=3060&cm_re=3060-_-14-500-524-_-Product
"GIGABYTE GeForce RTX 3060 EAGLE OC 12G Graphics Card, 2 x WINDFORCE Fans, 12GB 192-bit GDDR6, GV-N3060EAGLE OC-12GD Video Card",$499,https://www.newegg.com/gigabyte-geforce-rtx-3060-gv-n3060eagle-oc-12gd/p/N82E16814932403R?Description=3060&cm_re=3060-_-14-932-403R-_-Product
"ZOTAC Gaming GeForce RTX 3060 Twin Edge OC 12GB GDDR6 192-bit 15 Gbps PCIE 4.0 Gaming Graphics Card, IceStorm 2.0 Cooling, Active Fan Control, Freeze Fan Stop ZT-A30600H-10M",$499,https://www.newegg.com/p/1FT-000M-002Z7?Description=3060&cm_re=3060-_-1FT-000M-002Z7-_-Product
MSI GeForce RTX 3060 GAMING X 12G NVIDIA 12GB GDDR6 Graphics Card,$501,https://www.newegg.com/p/1FT-0009-008X9?Description=3060&cm_re=3060-_-1FT-0009-008X9-_-Product
"ASUS ATS RTX 3060 12G GAMING Video Card, GPU  Graphics 12GB 192-bit GDDR6 PCI Express 4.0,1777MHz Core Frequency,2×HDMI2.1 Interface, 3×DisplayPort1.4a Interface",$504,https://www.newegg.com/geforce-rtx-3060-asus-ats-rtx3060-o12g-gaming/p/1FT-000Y-00711?Description=3060&cm_re=3060-_-1FT-000Y-00711-_-Product
"GIGABYTE GeForce RTX 3060 GAMING OC 12G Graphics Card, 3 x WINDFORCE Fans, 12GB 192-bit GDDR6, GV-N3060GAMING OC-12GD Video Card",$509,https://www.newegg.com/gigabyte-geforce-rtx-3060-gv-n3060gaming-oc-12gd/p/N82E16814932402?Description=3060&cm_re=3060-_-14-932-402-_-Product
MSI Gaming GeForce RTX 3060 Ti 8GB GDDR6 PCI Express 4.0 Video Card RTX 3060 Ti GAMING Z TRIO 8G LHR,$510,https://www.newegg.com/msi-geforce-rtx-3060-ti-rtx306tgamingztrio8l/p/N82E16814137684?Description=3060&cm_re=3060-_-14-137-684-_-Product
"GIGABYTE GeForce RTX 3060 EAGLE 12G Graphics Card, 2 x WINDFORCE Fans, 12GB 192-bit GDDR6, GV-N3060EAGLE-12GD Video Card",$510,https://www.newegg.com/gigabyte-geforce-rtx-3060-gv-n3060eagle-12gd/p/N82E16814932399?Description=3060&cm_re=3060-_-14-932-399-_-Product
"GIGABYTE AORUS GeForce RTX 3060 Ti ELITE 8G Graphics Card, 3 x WINDFORCE Fans, 8GB 256-bit GDDR6, GV-N306TAORUS E-8GD (rev. 2.0) Video Card (LHR)",$514,https://www.newegg.com/p/1FT-000A-002G7?Description=3060&cm_re=3060-_-1FT-000A-002G7-_-Product
PNY XLR8 Gaming GeForce RTX 3060 Ti 8GB GDDR6 PCI Express 4.0 x16 REVEL EPIC-X RGB Dual Fan Edition LHR VCG3060T8LDFXPPB,$517,https://www.newegg.com/pny-geforce-rtx-3060-ti-vcg3060t8ldfxppb/p/N82E16814133838?Description=3060&cm_re=3060-_-14-133-838-_-Product
"ASUS TUF Gaming GeForce RTX 3060 12GB GDDR6 PCI Express 4.0 Video Card, OC Edition TUF-RTX3060-O12G-GAMING",$519,https://www.newegg.com/asus-geforce-rtx-3060-tuf-rtx3060-o12g-gaming/p/N82E16814126491?Description=3060&cm_re=3060-_-14-126-491-_-Product
GDDR6 Gigabyte GeForce RTX 3060 EAGLE OC 12G Graphics Card 8pin RTX 3060 Video Card GDDR6 192bit,$519,https://www.newegg.com/p/1FT-000A-003U0?Description=3060&cm_re=3060-_-9SIBBB1HE75045-_-Product
"GIGABYTE AORUS GeForce RTX 3060 ELITE 12G Graphics Card, 3 x WINDFORCE Fans, 12GB 192-bit GDDR6, GV-N3060AORUS E-12GD Video Card",$520,https://www.newegg.com/gigabyte-geforce-rtx-3060-gv-n3060aorus-e-12gd/p/N82E16814932400?Description=3060&cm_re=3060-_-14-932-400-_-Product
"INNO3D GeForce RTX 3060 Black Gold Extreme OC (LHR) Graphics Card, 12GB 192-bit GDDR6, PCI Express 4.0,1×HDMI 2.1 Interface, 3×DisplayPort 1.4a Interface",$528,https://www.newegg.com/inno3d-geforce-rtx-3060-oc/p/1FT-000N-001F8?Description=3060&cm_re=3060-_-1FT-000N-001F8-_-Product
GIGABYTE Gaming OC PRO GeForce RTX 3060 Ti 8GB GDDR6 PCI Express 4.0 ATX Video Card GV-N306TGAMINGOC PRO-8GD (rev. 3.0) (LHR),$529,https://www.newegg.com/gigabyte-geforce-rtx-3060-ti-gv-n306tgamingoc-pro-8gd/p/N82E16814932453R?Description=3060&cm_re=3060-_-14-932-453R-_-Product
"GEFORCE RTX 3060 X2W LHR Graphics Card, 12GB 192-bit GDDR6, 1777MHz Core Frequency and 15000MHz Video Memory Frequency, 1×HDMI, 3×DisplayPort",$529,https://www.newegg.com/ax-rtx-3060-x2w-lhr/p/1FT-0040-00113?Description=3060&cm_re=3060-_-9SIA4REFJX5368-_-Product
GIGABYTE Gaming OC GeForce RTX 3060 Ti 8GB GDDR6 PCI Express 4.0 ATX Video Card GV-N306TGAMING OC-8GD REV 2.0 (LHR),$529,https://www.newegg.com/gigabyte-geforce-rtx-3060-ti-gv-n306tgaming-oc-8gd-rev-2-0/p/N82E16814932468R?Description=3060&cm_re=3060-_-14-932-468R-_-Product
ASUS Dual GeForce RTX 3060 12GB GDDR6 PCI Express 4.0 Video Card DUAL-RTX3060-12G,$530,https://www.newegg.com/asus-geforce-rtx-3060-dual-rtx3060-12g/p/N82E16814126493?Description=3060&cm_re=3060-_-9SIAU94J2M0581-_-Product
GDDR6 Gigabyte AORUS GeForce RTX 3060 ELITE 12G LHR Graphics Card RTX 3060 Card Computer Card 3060,$533,https://www.newegg.com/p/1FT-000A-003V3?Description=3060&cm_re=3060-_-9SIAXMKJ9G7850-_-Product
Gigabyte AORUS GeForce RTX 3060 ELITE 12G LHR Graphics Card 15000MHz 12GB 6pin+8pin GDDR6 RTX 3060,$533,https://www.newegg.com/p/1FT-000A-003W0?Description=3060&cm_re=3060-_-9SIAXMKJ9G8208-_-Product
GIGABYTE AORUS GeForce RTX™ 3060 ELITE 12G Support AMD Intel Desktop CPU NEW,$533,https://www.newegg.com/p/1FT-000A-003X9?Description=3060&cm_re=3060-_-9SIAXMKJ9G7953-_-Product
"GIGABYTE GeForce RTX 3060 Ti VISION OC 8G Graphics Card, WINDFORCE 3X Cooling System, 8GB 256-bit GDDR6, GV-N306TVISION OC-8GD Video Card",$535,https://www.newegg.com/gigabyte-gv-n306tvision-oc-8gd/p/N82E16814932410?Description=3060&cm_re=3060-_-14-932-410-_-Product
"MSI GeForce RTX 3060 GAMING X TRIO 12G  (LHR) Video Card,12GB 192-bit GDDR6 PCI Express 4.0 x16,1852MHz Core Frequency,1×HDMI Interface, 3×DisplayPort Interface",$536,https://www.newegg.com/msi-geforce-rtx-3060-rtx-3060-gaming-x-trio-12g/p/1FT-0009-00854?Description=3060&cm_re=3060-_-1FT-0009-00854-_-Product
"MSI GeForce RTX 3060 GAMING Z TRIO 12G (LHR) Video Card,12GB 192-bit GDDR6,PCI Express 4.0,1×HDMI Interface, 3×DisplayPort Interface",$536,https://www.newegg.com/msi-geforce-rtx-3060-rtx-3060-gaming-z-trio-12g-lhr/p/1FT-0009-00897?Description=3060&cm_re=3060-_-1FT-0009-00897-_-Product
MSI Gaming GeForce RTX 3060 12GB GDDR6 PCI Express 4.0 Video Card RTX 3060 Gaming X Trio 12G,$538,https://www.newegg.com/msi-geforce-rtx-3060-rtx-3060-gaming-x-trio-12g/p/N82E16814137629?Description=3060&cm_re=3060-_-14-137-629-_-Product
MSI Geforce RTX 3060 Ventus 2X OC 12GB GDDR6 Video Graphic Card GPU,$539,https://www.newegg.com/msi-geforce-rtx-3060/p/1FT-0009-00980?Description=3060&cm_re=3060-_-9SIADFRHE29186-_-Product
GIGABYTE Vision GeForce RTX 3060 12GB GDDR6 PCI Express 4.0 ATX Video Card GV-N3060VISION OC-12GD,$539,https://www.newegg.com/gigabyte-geforce-rtx-3060-gv-n3060vision-oc-12gd/p/N82E16814932482R?Description=3060&cm_re=3060-_-14-932-482R-_-Product
MSI Ventus GeForce RTX 3060 12GB GDDR6 PCI Express 4.0 Video Card RTX 3060 Ventus 3X 12G OC,$542,https://www.newegg.com/msi-geforce-rtx-3060-rtx-3060-ventus-3x-12g-oc/p/1FT-0009-00AG7?Description=3060&cm_re=3060-_-1FT-0009-00AG7-_-Product
MSI GeForce RXT 3060 Ti Ventus 2X 8GB GDDR6 3060 Ti VENTUS 2X 8G OCV1 LHR Video Graphic Card GPU,$544,https://www.newegg.com/msi-rxt-3060-ti/p/1FT-0009-00AE9?Description=3060&cm_re=3060-_-9SIADFRHYT5762-_-Product
GIGABYTE Eagle GeForce RTX 3060 Ti 8GB GDDR6 PCI Express 4.0 ATX Video Card GV-N306TEAGLE-8GD,$546,https://www.newegg.com/gigabyte-geforce-rtx-3060-ti-gv-n306teagle-8gd/p/N82E16814932379?Description=3060&cm_re=3060-_-9SIAU94J2N0500-_-Product
GIGABYTE Vision OC GeForce RTX 3060 12GB GDDR6 PCI Express 4.0 ATX Video Card GV-N3060VISION OC-12GD (rev. 2.0) (LHR),$549,https://www.newegg.com/p/1FT-000A-00482?Description=3060&cm_re=3060-_-9SIAGGGHSH8383-_-Product
"GIGABYTE GeForce RTX 3060 VISION OC 12G Graphics Card, 3 x WINDFORCE Fans, 12GB 192-bit GDDR6, GV-N3060VISION OC-12GD Video Card",$549,https://www.newegg.com/p/1FT-000A-001N7?Description=3060&cm_re=3060-_-9SIBBB1HE75767-_-Product
"GIGABYTE GeForce RTX 3060 VISION OC 12G (LHR) Video Card,12GB 192-bit GDDR6 PCI Express 4.0 x16,1837MHz Core Frequency,2×HDMI 2.1 interface, 2×DisplayPort 1.4 interface",$549,https://www.newegg.com/gigabyte-geforce-rtx-3060-gv-n3060vision-oc-12gd/p/1FT-000A-004X1?Description=3060&cm_re=3060-_-9SIAGGGHSH7321-_-Product
"GIGABYTE GeForce RTX 3060 Eagle OC 12G (REV2.0) Graphics Card, 2X WINDFORCE Fans, 12GB 192-bit GDDR6, GV-N3060EAGLE OC-12GD REV2.0 Video Card,LHR",$549,https://www.newegg.com/gigabyte-gv-n3060eagle-oc-12gd/p/1FT-000A-004Z0?Description=3060&cm_re=3060-_-9SIAGGGHR59971-_-Product
"GIGABYTE GeForce RTX 3060 GAMING OC 12G (LHR) Video Card,12GB 192-bit GDDR6 PCI Express 4.0 x16,1837MHz Core Frequency,2×HDMI 2.1 interface, 2×DisplayPort 1.4 interface",$549,https://www.newegg.com/gigabyte-geforce-rtx-3060-gv-n3060gaming-oc-12gd/p/1FT-000A-00514?Description=3060&cm_re=3060-_-9SIAGGGHSH7209-_-Product
MSI Gaming GeForce RTX 3060 12GB GDDR6 PCI Express 4.0 Video Card RTX 3060 Gaming Z Trio 12G LHR,$549,https://www.newegg.com/p/1FT-0009-009H8?Description=3060&cm_re=3060-_-9SIAGGGHSH7857-_-Product
"MSI GeForce RTX 3060 GAMING X TRIO 12G  (LHR) Video Card,12GB 192-bit GDDR6 PCI Express 4.0 x16,1852MHz Core Frequency,1×HDMI interface, 3×DisplayPort interface",$549,https://www.newegg.com/msi-geforce-rtx-3060-rtx-3060-gaming-x-trio-12g/p/1FT-0009-009U9?Description=3060&cm_re=3060-_-9SIAGGGHSH7390-_-Product
ASUS Dual GeForce RTX 3060 Ti V2 MINI OC Edition 8GB GDDR6 PCI Express 4.0 Video Card DUAL-RTX3060TI-O8G-MINI-V2 (LHR),$549,https://www.newegg.com/asus-geforce-rtx-3060-ti-dual-rtx3060ti-o8g-mini-v2/p/1FT-000Y-007S1?Description=3060&cm_re=3060-_-9SIAGGGHT29654-_-Product
GIGABYTE Gaming GeForce RTX 3060 12GB GDDR6 PCI Express 4.0 x16 ATX Video Card GV-N3060GAMING OC-12GD (rev. 2.0),$549,https://www.newegg.com/p/1FT-000A-004Y2?Description=3060&cm_re=3060-_-9SIAGGGHSH7299-_-Product
"ASUS DUAL GeForce RTX 3060 OC Edition Gaming Graphics Card (PCIe 4.0, 12GB GDDR6 Memory, HDMI 2.1, DisplayPort 1.4a, 2-slot Design, Axial-tech Fan Design, 0dB Technology), DUAL-RTX3060-O12G-V2(LHR)",$549,https://www.newegg.com/p/1FT-000Y-007M5?Description=3060&cm_re=3060-_-9SIAGGGHT29690-_-Product
MSI Ventus GeForce RTX 3060 12GB GDDR6 PCI Express 4.0 Video Card RTX 3060 Ventus 2X 12G OC LHR,$549,https://www.newegg.com/msi-rtx3060/p/1FT-0009-009A6?Description=3060&cm_re=3060-_-9SIAGGGHSH8345-_-Product
"Gigabyte GeForce RTX 3060 EAGLE OC 12G Graphics Card 8pin RTX 3060 Video Card GDDR6 192bit GDDR6 PCI Express 4.0 x16,1807MHz Core Frequency,2×HDMI 2.1 interface, 2×DisplayPort",$549,https://www.newegg.com/gigabyte-geforce-rtx-3060-gv-n3060eagle-oc-12gd/p/1FT-000A-004R3?Description=3060&cm_re=3060-_-9SIAGGGHSH7508-_-Product
MSI Gaming GeForce RTX 3060 12GB GDDR6 PCI Express 4.0 Video Card RTX 3060 Gaming X 12G LHR,$549,https://www.newegg.com/p/1FT-0009-00996?Description=3060&cm_re=3060-_-9SIAGGGHSH8377-_-Product
"GIGABYTE AORUS GeForce RTX 3060 Elite 12G (REV2.0) Graphics Card, 3X WINDFORCE Fans, 12GB 192-bit GDDR6, GV-N3060AORUS E-12GD REV2.0 Video Card,GV-N3060AORUS E-12GD (rev. 2.0) (LHR)",$549,https://www.newegg.com/p/1FT-000A-004N0?Description=3060&cm_re=3060-_-9SIAGGGHSH7667-_-Product
GIGABYTE AORUS GeForce RTX 3060 12GB GDDR6 PCI Express 4.0 ATX Video Card GV-N3060AORUS E-12GD (REV 2.0) LHR,$549,https://www.newegg.com/p/1FT-000A-004T2?Description=3060&cm_re=3060-_-9SIAGGGHSH7556-_-Product
MSI Gaming GeForce RTX 3060 12GB 15 Gbps GDRR6 192-Bit HDMI/DP PCIe 4 Torx Triple Fan Ampere OC Graphics Card (RTX 3060 Ventus 3X 12G OC),$549,https://www.newegg.com/msi-geforce-rtx-3060-rtx-3060-ventus-3x-12g-oc/p/1FT-0009-00AD9?Description=3060&cm_re=3060-_-9SIBFUMJ799313-_-Product
"ASUS TUF Gaming NVIDIA GeForce RTX 3060 V2 OC Edition Graphics Card (PCIe 4.0, 12GB GDDR6, HDMI 2.1, DisplayPort 1.4a, Dual Ball Fan Bearings, Military-Grade Certification, GPU Tweak II),LHR",$549,https://www.newegg.com/asus-tuf-rtx3060-o12g-v2-gaming/p/1FT-000Y-007H2?Description=3060&cm_re=3060-_-9SIAGGGHT38728-_-Product
"MSI Gaming GeForce RTX 3060 Ti 8GB GDDR6 PCI Express 4.0 Video Card RTX 3060 Ti GAMING Z TRIO LHR,Graphics card bracket included",$549,https://www.newegg.com/p/1FT-0009-009T4?Description=3060&cm_re=3060-_-9SIAGGGHSH7400-_-Product
ASUS TUF Gaming GeForce RTX 3060 12GB GDDR6 PCI Express 4.0 x16 Video Card TUF-RTX3060-O12G-V2-GAMING,$549,https://www.newegg.com/p/1FT-000Y-007S8?Description=3060&cm_re=3060-_-9SIAGGGHT38618-_-Product
"GIGABYTE GeForce RTX 3060 Ti VISION OC 8G Graphics Card, WINDFORCE 3X Cooling System, 8GB 256-bit GDDR6, GV-N306TVISION OC-8GD (REV 2.0) LHR Video Card",$549,https://www.newegg.com/p/1FT-000A-004G8?Description=3060&cm_re=3060-_-9SIAGGGHR60080-_-Product
MSI Gaming GeForce RTX 3060 Ti 8GB GDDR6 PCI Express 4.0 x16 Video Card RTX 3060 Ti Gaming Z TRIO  8G LHR,$549,https://www.newegg.com/p/1FT-0009-009S4?Description=3060&cm_re=3060-_-9SIAGGGHSH7503-_-Product
MSI Ventus GeForce RTX 3060 Ti 8GB GDDR6 PCI Express 4.0 x16 Video Card RTX 3060 Ti VENTUS 2X 8G OCV1 LHR,$549,https://www.newegg.com/p/1FT-0009-009U6?Description=3060&cm_re=3060-_-9SIAGGGHSH7419-_-Product
GIGABYTE AORUS GeForce RTX 3060 Ti ELITE 8GB GDDR6 PCI Express 4.0 ATX Video Card GV-N306TAORUS E-8GD (rev. 2.0) (LHR),$549,https://www.newegg.com/gigabyte-geforce-rtx-3060-ti-gv-n306taorus-e-8gd/p/1FT-000A-004U8?Description=3060&cm_re=3060-_-9SIAGGGHSH7421-_-Product
"GIGABYTE GeForce RTX 3060 EAGLE OC 12G (LHR) Video Card,12GB 192-bit GDDR6 PCI Express 4.0 x16,1807MHz Core Frequency,2×HDMI 2.1 interface, 2×DisplayPort 1.4 interface",$549,https://www.newegg.com/gigabyte-geforce-rtx-3060-gv-n3060eagle-oc-12gd/p/1FT-000A-004V9?Description=3060&cm_re=3060-_-9SIAGGGHSH7406-_-Product
"GALAXY GeForce RTX 3060 Metal Master MAX OC FG (LHR) Video Card,12GB 192-bit GDDR6,PCI Express 4.0,1×HDMI Interface, 3×DisplayPort Interface",$549,https://www.newegg.com/p/1FT-00GB-00001?Description=3060&cm_re=3060-_-9SIA4REHA20833-_-Product
"MSI GeForce RTX 3060 VENTUS 3X 12G OC  (LHR) Video Card,12GB 192-bit GDDR6 PCI Express 4.0 x16,1807MHz Core Frequency,1×HDMI interface, 3×DisplayPort interface",$549,https://www.newegg.com/msi-geforce-rtx-3060-rtx-3060-ventus-3x-12g-oc/p/1FT-0009-009Y0?Description=3060&cm_re=3060-_-9SIAGGGHSH7208-_-Product
"MSI GeForce RTX 3060 VENTUS 3X 12G OC (LHR) Video Card,12GB 192-bit GDDR6 PCI Express 4.0 x16,1807MHz Core Frequency,1×HDMI interface, 3×DisplayPort interface",$549,https://www.newegg.com/msi-rtx-3060-ventus-3x-12g-oc/p/1FT-0009-009P6?Description=3060&cm_re=3060-_-9SIAGGGHSH7512-_-Product
MSI Gaming GeForce RTX 3060 12GB 15 Gbps GDRR6 192-Bit HDMI/DP PCIe 4 Single Fan Ampere OC Graphics Card(RTX 3060 AERO ITX 12G OC LHR),$549,https://www.newegg.com/msi-rtx-3060-aero-itx-12g-oc/p/1FT-0009-009Y5?Description=3060&cm_re=3060-_-9SIAGGGHSH7213-_-Product
GIGABYTE Eagle OC GeForce RTX 3060 Ti 8GB GDDR6 PCI Express 4.0 ATX Video Card GV-N306TEAGLE OC-8GD (rev. 2.0) (LHR),$549,https://www.newegg.com/gigabyte-geforce-rtx-3060-ti-gv-n306teagle-oc-8gd/p/1FT-000A-004N6?Description=3060&cm_re=3060-_-9SIAGGGHSH7675-_-Product
MSI Ventus GeForce RTX 3060 12GB GDDR6 PCI Express 4.0 Video Card RTX 3060 Ventus 3X 12G OC LHR,$549,https://www.newegg.com/p/1FT-0009-009W0?Description=3060&cm_re=3060-_-9SIAGGGHSH7287-_-Product
GDDR6 Gigabyte GeForce RTX 3060 VISION OC 12G Gaming Video Card 192bit PCI Express 4.0 16X 8pin RTX,$549,https://www.newegg.com/p/1FT-000A-003W4?Description=3060&cm_re=3060-_-9SIBBB1HE75771-_-Product
GIGABYTE Gaming GeForce RTX 3060 Ti 8GB GDDR6 PCI Express 4.0 ATX Video Card GV-N306TGAMINGOC PRO-8GD (REV. 3.0),$549,https://www.newegg.com/p/1FT-000A-004N7?Description=3060&cm_re=3060-_-9SIAGGGHSH7672-_-Product
Gigabyte GeForce RTX 3060 Ti Eagle OC 8G REV2.0 LHR 8GB 256-bit GDDR6 Video Card,$549,https://www.newegg.com/gigabyte-gv-n306teagle-oc-8gd-rev2-0/p/1FT-000A-004W4?Description=3060&cm_re=3060-_-9SIAGGGHSH7316-_-Product
GIGABYTE Gaming GeForce RTX 3060 Ti 8GB GDDR6 PCI Express 4.0 ATX Video Card GV-N306TGAMING OC-8GD REV 2.0,$549,https://www.newegg.com/p/1FT-000A-004M6?Description=3060&cm_re=3060-_-9SIAGGGHSH7685-_-Product
ASUS TUF GeForce RTX 3060 Ti O8G V2 GAMING Edition 8GB GDDR6 PCI Express 4.0 Video Card TUF-RTX3060TI-O8G-V2-GAMING (LHR),$549,https://www.newegg.com/p/1FT-000Y-007G3?Description=3060&cm_re=3060-_-9SIAGGGHT39024-_-Product
"MSI GeForce RTX 3060 Ti GAMING Z TRIO 8G (LHR) Video Card,8GB 256-bit GDDR6,PCI Express 4.0,1×HDMI Interface, 3×DisplayPort Interface",$549,https://www.newegg.com/msi-geforce-rtx-3060-ti-rtx-3060-ti-gaming-z-trio-8g-lhr/p/1FT-0009-009T1?Description=3060&cm_re=3060-_-9SIAGGGHSH7417-_-Product
"ASUS ATS-RTX3060-O12G-GAMING (LHR) Video Card,12GB 192-bit GDDR6 PCI Express 4.0,1777MHz Core Frequency,2×HDMI2.1 Interface, 3×DisplayPort1.4a Interface",$549,https://www.newegg.com/p/1FT-000Y-007S4?Description=3060&cm_re=3060-_-9SIAGGGHT28626-_-Product
ASUS Dual GeForce RTX 3060 Ti V2 OC Edition 8GB GDDR6 PCI Express 4.0 Video Card DUAL-RTX3060TI-O8G-V2 (LHR),$549,https://www.newegg.com/asus-geforce-rtx-3060-ti-dual-rtx3060ti-o8g-v2/p/1FT-000Y-007H4?Description=3060&cm_re=3060-_-9SIAGGGHT29693-_-Product
"GIGABYTE AORUS GeForce RTX 3060 Ti ELITE 8G Graphics Card, 3 x WINDFORCE Fans, 8GB 256-bit GDDR6, GV-N306TAORUS E-8GD (rev. 2.0) Video Card",$549,https://www.newegg.com/p/1FT-000A-004M5?Description=3060&cm_re=3060-_-9SIAGGGHSH7621-_-Product
MSI RTX 3060 Ti VENTUS 2X 8G OCV1 LHR Ventus GeForce RTX 3060 Ti Video Card,$549,https://www.newegg.com/msi-geforce-rtx-3060-ti-rtx-3060-ti-ventus-2x-8g-ocv1-lhr/p/1FT-0009-009C4?Description=3060&cm_re=3060-_-9SIAGGGHSH8241-_-Product
MSI Gaming GeForce RTX 3060 Ti 8GB GDDR6 PCI Express 4.0 Video Card RTX 3060 Ti Gaming X 8G LHR -openbox,$549,https://www.newegg.com/p/1FT-0009-009W4?Description=3060&cm_re=3060-_-9SIAGGGHSH7335-_-Product
GIGABYTE Gaming OC PRO GeForce RTX 3060 Ti 8GB GDDR6 PCI Express 4.0 ATX Video Card GV-N306TGAMINGOC PRO-8GD (rev. 3.0) (LHR) -OPENBOX,$549,https://www.newegg.com/p/1FT-000A-003Z7?Description=3060&cm_re=3060-_-9SIAGGGHSH9440-_-Product
"GIGABYTE GeForce RTX 3060 EAGLE 12G Graphics Card, 2 x WINDFORCE Fans, 12GB 192-bit GDDR6, GV-N3060EAGLE OC-12GD (rev. 2.0) (LHR) Video Card -OPENBOX",$549,https://www.newegg.com/p/1FT-000A-00438?Description=3060&cm_re=3060-_-9SIAGGGHSH8708-_-Product
GIGABYTE GV-N3060GAMING OC-12GD Gaming GeForce RTX 3060 Video Card,$549,https://www.newegg.com/gigabyte-geforce-rtx-3060-gv-n3060gaming-oc-12gd/p/1FT-000A-00490?Description=3060&cm_re=3060-_-9SIAGGGHSH8380-_-Product
GIGABYTE GV-N3060VISION OC-12GD Vision GeForce RTX 3060 Video Card,$549,https://www.newegg.com/gigabyte-geforce-rtx-3060-gv-n3060vision-oc-12gd/p/1FT-000A-004C8?Description=3060&cm_re=3060-_-9SIAGGGHSH8062-_-Product
GIGABYTE Gaming GeForce RTX 3060 Ti 8GB GDDR6 PCI Express 4.0 x16 ATX Video Card GV-N306TGAMINGOC PRO-8GD (rev. 3.0)(LHR),$549,https://www.newegg.com/p/1FT-000A-004R8?Description=3060&cm_re=3060-_-9SIAGGGHSH7551-_-Product
MSI GeForce RTX 3060 Ti Video Card RTX 3060 Ti VENTUS 2X 8G OCV1 LHR,$549,https://www.newegg.com/p/1FT-0009-009A7?Description=3060&cm_re=3060-_-9SIAGGGHSH8341-_-Product
ASUS TUF Gaming GeForce RTX 3060 Ti 8GB GDDR6 PCI Express 4.0 x16 Video Card TUF-RTX3060TI-O8G-V2-GAMING LHR,$549,https://www.newegg.com/p/1FT-000Y-007M1?Description=3060&cm_re=3060-_-9SIAGGGHT38651-_-Product
"Gigabyte Geforce Rtx 3060 Ti Eagle Oc 8Gb Video Card, GV-N306TEAGLE OC-8GD (rev. 2.0) LHR",$549,https://www.newegg.com/p/1FT-000A-004Y9?Description=3060&cm_re=3060-_-9SIAGGGHSH7298-_-Product
"MSI GeForce RTX 3060 Ti GAMING X 8G (LHR) Video Card,8GB 256-bit GDDR6,PCI Express 4.0,1×HDMI Interface, 3×DisplayPort Interface",$549,https://www.newegg.com/msi-geforce-rtx-3060-ti-rtx-3060-ti-gaming-x-8g-lhr/p/1FT-0009-009R0?Description=3060&cm_re=3060-_-9SIAGGGHSH7514-_-Product
"GIGABYTE GeForce RTX 3060 Ti EAGLE OC 8G (LHR) Video Card,8GB 256-bit GDDR6,PCI Express 4.0,2×HDMI 2.1 Interface, 3×DisplayPort 1.4a Interface",$549,https://www.newegg.com/gigabyte-geforce-rtx-3060-ti-gv-n306teagle-oc-8gd/p/1FT-000A-004M9?Description=3060&cm_re=3060-_-9SIAGGGHSH7671-_-Product
MSI Gaming GeForce RTX 3060 12GB GDDR6 PCI Express 4.0 Video Card RTX 3060 Gaming X Trio 12G LHR,$549,https://www.newegg.com/p/1FT-0009-009U8?Description=3060&cm_re=3060-_-9SIAGGGHSH7398-_-Product
ASUS Dual GeForce RTX 3060 Ti 8GB GDDR6 PCI Express 4.0 x16 Video Card DUAL-RTX3060TI-O8G-V2 LHR,$549,https://www.newegg.com/p/1FT-000Y-007K6?Description=3060&cm_re=3060-_-9SIAGGGHT29717-_-Product
GIGABYTE Eagle GeForce RTX 3060 Ti 8GB GDDR6 PCI Express 4.0 ATX Video Card GV-N306TEAGLE-8GD (REV 2.0) LHR,$549,https://www.newegg.com/p/1FT-000A-004V7?Description=3060&cm_re=3060-_-9SIAGGGHSH7423-_-Product
"GIGABYTE GeForce RTX 3060 Ti GAMING OC 8GB Video Card, GV-N306TGAMING OC-8GD (REV 2.0)",$549,https://www.newegg.com/p/1FT-000A-004S5?Description=3060&cm_re=3060-_-9SIAGGGHSH7554-_-Product
GIGABYTE Vision GeForce RTX 3060 12GB GDDR6 PCI Express 4.0 x16 ATX Video Card GV-N3060VISION OC-12GD (rev. 2.0),$549,https://www.newegg.com/p/1FT-000A-004X6?Description=3060&cm_re=3060-_-9SIAGGGHSH7300-_-Product
GIGABYTE AORUS GeForce RTX 3060 Ti Graphics Card 8GB 256-bit GDDR6 GV-N306TAORUS E-8GD (REV 2.0),$549,https://www.newegg.com/p/1FT-000A-004S7?Description=3060&cm_re=3060-_-9SIAGGGHSH7536-_-Product
"GIGABYTE GeForce RTX 3060 Ti GAMING OC 8GB Video Card, GV-N306TGAMING OC-8GD (REV. 2.0)",$549,https://www.newegg.com/p/1FT-000A-004T8?Description=3060&cm_re=3060-_-9SIAGGGHSH7436-_-Product
GIGABYTE Vision GeForce RTX 3060 Ti 8GB GDDR6 PCI Express 4.0 x16 ATX Video Card GV-N306TVISION OC-8GD (REV 2.0),$549,https://www.newegg.com/p/1FT-000A-004T5?Description=3060&cm_re=3060-_-9SIAGGGHSH7517-_-Product
ASUS TUF Gaming GeForce RTX 3060 12GB GDDR6 PCI Express 4.0 x16 Video Card TUF-RTX3060-O12G-V2-GAMING LHR,$549,https://www.newegg.com/p/1FT-000Y-007K5?Description=3060&cm_re=3060-_-9SIAGGGHT38626-_-Product
GIGABYTE AORUS GeForce RTX 3060 Ti Graphics Card 8GB 256-bit GDDR6 GV-N306TAORUS E-8GD (REV 2.0) LHR,$549,https://www.newegg.com/p/1FT-000A-004S9?Description=3060&cm_re=3060-_-9SIAGGGHSH7515-_-Product
"GIGABYTE GeForce RTX 3060 Ti EAGLE OC 8GB Video Card, GV-N306TEAGLE OC-8GD",$549,https://www.newegg.com/p/1FT-000A-004M7?Description=3060&cm_re=3060-_-9SIAGGGHSH7682-_-Product
ASUS ROG STRIX GeForce RTX 3060 Ti 8GB GDDR6 PCI Express 4.0 Video Card ROG-STRIX-RTX3060TI-O8G-V2-GAMING LHR,$549,https://www.newegg.com/p/1FT-000Y-007N2?Description=3060&cm_re=3060-_-9SIAGGGHT36604-_-Product
GIGABYTE Eagle GeForce RTX 3060 12GB GDDR6 PCI Express 4.0 x16 ATX Video Card GV-N3060EAGLE OC-12GD (REV 2.0),$549,https://www.newegg.com/p/1FT-000A-004V8?Description=3060&cm_re=3060-_-9SIAGGGHSH7415-_-Product
GIGABYTE Gaming GeForce RTX 3060 12GB GDDR6 PCI Express 4.0 x16 ATX Video Card GV-N3060GAMING OC-12GD (REV 2.0),$549,https://www.newegg.com/p/1FT-000A-004S3?Description=3060&cm_re=3060-_-9SIAGGGHSH7502-_-Product
ASUS ROG-STRIX-RTX3060-O12G-V2-GAMING ROG Strix GeForce RTX 3060 Video Card,$549,https://www.newegg.com/asus-geforce-rtx-3060-rog-strix-rtx3060-o12g-v2-gaming/p/1FT-000Y-007M8?Description=3060&cm_re=3060-_-9SIAGGGHT37835-_-Product
ASUS TUF-RTX3060-O12G-V2-GAMING TUF Gaming GeForce RTX 3060 Video Card,$549,https://www.newegg.com/asus-geforce-rtx-3060-tuf-rtx3060-o12g-v2-gaming/p/1FT-000Y-007H8?Description=3060&cm_re=3060-_-9SIAGGGHT39293-_-Product
MSI RTX 3060 Gaming X 12G Gaming GeForce RTX 3060 Video Card,$549,https://www.newegg.com/msi-geforce-rtx-3060-rtx-3060-gaming-x-12g/p/1FT-0009-009N9?Description=3060&cm_re=3060-_-9SIAGGGHSH7673-_-Product
MSI RTX 3060 Gaming X Trio 12G Gaming GeForce RTX 3060 Video Card,$549,https://www.newegg.com/msi-geforce-rtx-3060-rtx-3060-gaming-x-trio-12g/p/1FT-0009-00990?Description=3060&cm_re=3060-_-9SIAGGGHSH8373-_-Product
New Gigabyte GeForce RTX3060/ 3060 Ti / Non LHR 3060 T I GAMING OC NVIDIA Graphics,$549,https://www.newegg.com/p/1FT-000A-003U6?Description=3060&cm_re=3060-_-1FT-000A-003U6-_-Product
MSI RTX 3060 Ventus 2X 12G OC Ventus GeForce RTX 3060 Video Card,$549,https://www.newegg.com/msi-geforce-rtx-3060-rtx-3060-ventus-2x-12g-oc/p/1FT-0009-009V3?Description=3060&cm_re=3060-_-9SIAGGGHSH7328-_-Product
GIGABYTE Eagle OC GeForce RTX 3060 Ti 8GB GDDR6 PCI Express 4.0 ATX Video Card GV-N306TEAGLE OC-8GD (rev. 2.0) (LHR) -OPENBOX,$549,https://www.newegg.com/p/1FT-000A-003Z9?Description=3060&cm_re=3060-_-9SIAGGGHR60253-_-Product
GIGABYTE AORUS GeForce RTX 3060 12GB GDDR6 PCI Express 4.0 x16 ATX Video Card GV-N3060AORUS E-12GD (rev. 2.0),$549,https://www.newegg.com/p/1FT-000A-004U3?Description=3060&cm_re=3060-_-9SIAGGGHSH7416-_-Product
GIGABYTE Vision OC GeForce RTX 3060 12GB GDDR6 PCI Express 4.0 ATX Video Card GV-N3060VISION OC-12GD (rev. 2.0) (LHR) -OPENBOX,$549,https://www.newegg.com/p/1FT-000A-003H7?Description=3060&cm_re=3060-_-9SIAGGGHSH9421-_-Product
"MAXSUN GeForce RTX3060 iCraft OC 12G S1 (LHR) Video Card,12GB 192-bit GDDR6,1×HDMI Interface, 3×DisplayPort Interface",$549,https://www.newegg.com/p/1FT-009J-00094?Description=3060&cm_re=3060-_-1FT-009J-00094-_-Product
GIGABYTE Gaming OC GeForce RTX 3060 12GB GDDR6 PCI Express 4.0 ATX Video Card GV-N3060GAMING OC-12GD (rev. 2.0) (LHR)-OPENBOX,$549,https://www.newegg.com/p/1FT-000A-003H6?Description=3060&cm_re=3060-_-9SIAGGGHSH9736-_-Product
ASUS TUF Gaming GeForce RTX 3060 Ti 8GB GDDR6 PCI Express 4.0 x16 Video Card TUF-RTX3060TI-O8G-V2-GAMING -OPENBOX,$549,https://www.newegg.com/p/1FT-000Y-006M4?Description=3060&cm_re=3060-_-9SIAGGGHT38711-_-Product
GIGABYTE GV-N306TGAMING OC-8GD REV 2.0 Gaming GeForce RTX 3060 Ti Video Card,$549,https://www.newegg.com/gigabyte-geforce-rtx-3060-ti-gv-n306tgaming-oc-8gd-rev-2-0/p/1FT-000A-004R9?Description=3060&cm_re=3060-_-9SIAGGGHSH7543-_-Product
GIGABYTE GV-N3060EAGLE-12GD (rev. 2.0) Eagle GeForce RTX 3060 Video Card,$549,https://www.newegg.com/gigabyte-geforce-rtx-3060-gv-n3060eagle-12gd/p/1FT-000A-004R2?Description=3060&cm_re=3060-_-9SIAGGGHSH7520-_-Product
GIGABYTE GV-N306TEAGLE OC-8GD (rev. 2.0) Eagle GeForce RTX 3060 Ti Video Card,$549,https://www.newegg.com/gigabyte-geforce-rtx-3060-ti-gv-n306teagle-oc-8gd/p/1FT-000A-004W3?Description=3060&cm_re=3060-_-9SIAGGGHSH7320-_-Product
ASUS Dual GeForce RTX 3060 Ti V2 MINI OC Edition 8GB GDDR6 PCI Express 4.0 Video Card DUAL-RTX3060TI-O8G-MINI-V2 (LHR -OPENBOX,$549,https://www.newegg.com/p/1FT-000Y-007U9?Description=3060&cm_re=3060-_-9SIAGGGHT29768-_-Product
GIGABYTE GV-N306TVISION OC-8GD (rev. 2.0) Vision GeForce RTX 3060 Ti Video Card,$549,https://www.newegg.com/gigabyte-geforce-rtx-3060-ti-gv-n306tvision-oc-8gd/p/1FT-000A-004C5?Description=3060&cm_re=3060-_-9SIAGGGHSH8066-_-Product
GIGABYTE GV-N3060VISION OC-12GD (rev. 2.0) Vision GeForce RTX 3060 Video Card,$549,https://www.newegg.com/gigabyte-geforce-rtx-3060-gv-n3060vision-oc-12gd/p/1FT-000A-004C4?Description=3060&cm_re=3060-_-9SIAGGGHSH8072-_-Product
GIGABYTE GV-N3060EAGLE OC-12GD (rev. 2.0) Eagle GeForce RTX 3060 Video Card,$549,https://www.newegg.com/gigabyte-geforce-rtx-3060-gv-n3060eagle-oc-12gd/p/1FT-000A-004B8?Description=3060&cm_re=3060-_-9SIAGGGHSH8227-_-Product
GIGABYTE GV-N3060GAMING OC-12GD (rev. 2.0) Gaming GeForce RTX 3060 Video Card,$549,https://www.newegg.com/gigabyte-geforce-rtx-3060-gv-n3060gaming-oc-12gd/p/1FT-000A-004D0?Description=3060&cm_re=3060-_-9SIAGGGHSH8017-_-Product
GIGABYTE GV-N3060AORUS E-12GD (rev. 2.0) AORUS GeForce RTX 3060 Video Card,$549,https://www.newegg.com/gigabyte-geforce-rtx-3060-gv-n3060aorus-e-12gd/p/1FT-000A-004K0?Description=3060&cm_re=3060-_-9SIAGGGHSH7738-_-Product
ASUS DUAL-RTX3060TI-8G-MINI-V2 Dual GeForce RTX 3060 Ti Video Card,$549,https://www.newegg.com/asus-geforce-rtx-3060-ti-dual-rtx3060ti-8g-mini-v2/p/1FT-000Y-007M0?Description=3060&cm_re=3060-_-9SIAGGGHT29971-_-Product
ASUS DUAL-RTX3060-O12G-V2 Dual GeForce RTX 3060 Video Card,$549,https://www.newegg.com/asus-geforce-rtx-3060-dual-rtx3060-o12g-v2/p/1FT-000Y-007U4?Description=3060&cm_re=3060-_-9SIAGGGHT29959-_-Product
ASUS DUAL-RTX3060TI-O8G-V2 Dual GeForce RTX 3060 Ti Video Card,$549,https://www.newegg.com/asus-geforce-rtx-3060-ti-dual-rtx3060ti-o8g-v2/p/1FT-000Y-007R6?Description=3060&cm_re=3060-_-9SIAGGGHT29996-_-Product
ASUS DUAL-RTX3060TI-O8G-MINI-V2 Dual GeForce RTX 3060 Ti Video Card,$549,https://www.newegg.com/asus-geforce-rtx-3060-ti-dual-rtx3060ti-o8g-mini-v2/p/1FT-000Y-007J9?Description=3060&cm_re=3060-_-9SIAGGGHT29983-_-Product
ASUS TUF-RTX3060TI-O8G-V2-GAMING TUF Gaming GeForce RTX 3060 Ti Video Card,$549,https://www.newegg.com/asus-geforce-rtx-3060-ti-tuf-rtx3060ti-o8g-v2-gaming/p/1FT-000Y-007M2?Description=3060&cm_re=3060-_-9SIAGGGHT39306-_-Product
GIGABYTE GeForce RTX™ 3060 GAMING OC 12G Support AMD Intel Desktop CPU NEW,$554,https://www.newegg.com/p/1FT-000A-003U1?Description=3060&cm_re=3060-_-9SIBBB1HDG7434-_-Product
Gigabyte AORUS GeForce RTX 3060 Elite 12G REV2.0 12GB 192-bit GDDR6 Video Card,$554,https://www.newegg.com/gigabyte-nvidia-geforce-rtx-3060-gv-n3060aorus-e-12gd-rev2-0/p/1FT-000A-002R5?Description=3060&cm_re=3060-_-9SIBBB1HE76321-_-Product
MSI Ventus GeForce RTX 3060 Ti 8GB GDDR6 PCI Express 4.0 Video Card RTX 3060 Ti VENTUS 2X 8G OCV1 LHR,$557,https://www.newegg.com/p/1FT-0009-006W9?Description=3060&cm_re=3060-_-1FT-0009-006W9-_-Product
MSI Ventus GeForce RTX 3060 Ti 8GB GDDR6 PCI Express 4.0 Video Card RTX 3060 Ti VENTUS 2X LHR,$557,https://www.newegg.com/p/1FT-0009-00828?Description=3060&cm_re=3060-_-1FT-0009-00828-_-Product
GIGABYTE Vision OC GeForce RTX 3060 Ti 8GB GDDR6 PCI Express 4.0 ATX Video Card GV-N306TVISION OC-8GD (rev. 2.0) (LHR),$559,https://www.newegg.com/gigabyte-geforce-rtx-3060-ti-gv-n306tvision-oc-8gd/p/N82E16814932454R?Description=3060&cm_re=3060-_-14-932-454R-_-Product
"EVGA GeForce RTX 3060 XC GAMING, 12G-P5-3657-KR / 12G-P5-3657-KB, 12GB GDDR6, Dual-Fan, Metal Backplate",$566,https://www.newegg.com/p/1FT-001K-00DV6?Description=3060&cm_re=3060-_-1FT-001K-00DV6-_-Product
"ASUS DUAL GeForce RTX 3060 Ti V2 MINI 8GB GDDR6 Video Card with LHR, DUAL-RTX3060TI-8G-MINI-V2",$569,https://www.newegg.com/p/1FT-000Y-006M7?Description=3060&cm_re=3060-_-1FT-000Y-006M7-_-Product
"GALAXY GeForce RTX 3060 Metal Master Mini FG (LHR) Video Card,12GB 192-bit GDDR6,PCI Express 4.0,1×HDMI Interface, 3×DisplayPort Interface",$569,https://www.newegg.com/p/1FT-00GE-00001?Description=3060&cm_re=3060-_-9SIA4REHD29176-_-Product
"ZOTAC GeForce RTX 3060 12G X-GAMING GOC H-Box-X (LHR) Video Card,12GB 192-bit GDDR6,PCI Express 4.0 ,1792MHz Core Frequency,1×HDMI2.1 Interface, 3×DisplayPort1.4a Interface",$569,https://www.newegg.com/zotac-geforce-rtx-3060-12g-x-gaming-goc-h-box-x/p/1FT-000M-00356?Description=3060&cm_re=3060-_-9SIA4REH5D3959-_-Product
"ZOTAC GeForce RTX 3060 ZhangYu Niang Customized Version OC-X (LHR) Video Card,12GB 192-bit GDDR6 PCI Express 4.0 x16,1792MHz Core Frequency,1×HDMI2.1 Interface, 3×DisplayPort1.4a Interface",$569,https://www.newegg.com/p/1FT-000M-00355?Description=3060&cm_re=3060-_-9SIA4REGT51299-_-Product
GIGABYTE Gaming OC GV-N306TGAMING OC-8GD REV 2.0 (LHR)  GeForce RTX 3060 Ti 8GB GDDR6 PCI Express 4.0 ATX Video Card,$569,https://www.newegg.com/gigabyte-geforce-rtx-3060-ti-gv-n306tgaming-oc-8gd-rev-2-0/p/1FT-000A-005G3?Description=3060&cm_re=3060-_-1FT-000A-005G3-_-Product
"ASUS ROG Strix GeForce RTX 3060 12GB GDDR6 PCI Express 4.0 Video Card, OC Edition ROG-STRIX-RTX3060-O12G-GAMING",$577,https://www.newegg.com/asus-geforce-rtx-3060-rog-strix-rtx3060-o12g-gaming/p/N82E16814126492?Description=3060&cm_re=3060-_-14-126-492-_-Product
"ASUS ROG Strix GeForce RTX 3060 12GB GDDR6 PCI Express 4.0 Video Card, OC Edition ROG-STRIX-RTX3060-O12G-GAMING LHR",$577,https://www.newegg.com/p/1FT-000Y-00613?Description=3060&cm_re=3060-_-1FT-000Y-00613-_-Product
"ZOTAC GeForce RTX 3060-12GD6 TianQi GOC (LHR) Video Card,12GB 192-bit GDDR6,PCI Express 4.0,1×HDMI2.1 Interface, 3×DisplayPort1.4a Interface",$579,https://www.newegg.com/zotac-geforce-rtx-3060-12gd6-goc/p/1FT-000M-00361?Description=3060&cm_re=3060-_-1FT-000M-00361-_-Product
"ZOTAC GeForce RTX 3060-12GD6 PGF XGOC (LHR) Video Card,12GB 192-bit GDDR6,PCI Express 4.0,1×HDMI2.1 Interface, 3×DisplayPort1.4a Interface",$579,https://www.newegg.com/zotac-geforce-rtx-3060-rtx-3060-12gd6-pgf-xgoc/p/1FT-000M-00360?Description=3060&cm_re=3060-_-1FT-000M-00360-_-Product
"ZOTAC GeForce RTX 3060 X-GAMING Gaming Graphics Card,(PCIe 4.0, 12GB GDDR6,HDMI 2.1, DisplayPort 1.4a),RTX 3060-12GD6 X-GAMING LHR Video Card,Pink/Blue GPU",$579,https://www.newegg.com/p/1FT-000M-003B0?Description=3060&cm_re=3060-_-1FT-000M-003B0-_-Product
"ZOTAC Gaming GeForce RTX 3060 Ti Twin Edge OC LHR 8GB GDDR6 256-bit 14 Gbps PCIE 4.0 Gaming Graphics Card, IceStorm 2.0 Advanced Cooling, Active Fan Control, Freeze Fan Stop ZT-A30610H-10MLHR",$579,https://www.newegg.com/p/1FT-000M-00398?Description=3060&cm_re=3060-_-1FT-000M-00398-_-Product
"ASUS RTX3060-O12G-V2-GAMING Video Card,12GB 192-bit GDDR6 PCI Express 4.0 x16,1867MHz Core Frequency,1×HDMI2.1, 3×DisplayPort1.4a",$579,https://www.newegg.com/asus-geforce-rtx-3060-rtx3060-o12g-v2-gaming/p/1FT-000Y-006D3?Description=3060&cm_re=3060-_-9SIA4REGBC1514-_-Product
"MSI GeForce RTX 3060 AERO ITX 12G OC (LHR) Video Card,12GB 192-bit GDDR6,PCI Express 4.0,1×HDMI Interface, 3×DisplayPort Interface",$581,https://www.newegg.com/msi-geforce-rtx-3060-rtx-3060-aero-itx-12g-oc-lhr/p/1FT-0009-00899?Description=3060&cm_re=3060-_-1FT-0009-00899-_-Product
MSI GeForce RTX 3060 12GB GDDR6 PCI Express 4.0 Video Card RTX 3060 AERO ITX 12G OC,$581,https://www.newegg.com/msi-geforce-rtx-3060-rtx-3060-aero-itx-12g-oc/p/N82E16814137758?Description=3060&cm_re=3060-_-9SIB6NDJ779199-_-Product
Lenovo NVIDIA GeForce RTX 3060 12GB GDDR6X Graphic Card 4X61E72194,$586,https://www.newegg.com/p/1FT-0015-001C6?Description=3060&cm_re=3060-_-1FT-0015-001C6-_-Product
"MSI Gaming GeForce RTX 3060 12GB GDRR6 OC Graphics Card, Black",$588,https://www.newegg.com/msi-nvidia-geforce-rtx-3060/p/1FT-0009-008P4?Description=3060&cm_re=3060-_-9SIADDTGUM4200-_-Product
"INNO3D GeForce RTX 3060 TI Black Gold Extreme Edition OC (LHR) Graphics Card, 8GB 256-bit GDDR6, PCI Express 4.0, 1×HDMI 2.1 Interface, 3×DisplayPort 1.4a Interface",$589,https://www.newegg.com/inno3d-geforce-rtx-3060-ti-rtx-3060-ti-black-gold-extreme-edition-oc-lhr/p/1FT-000N-001G2?Description=3060&cm_re=3060-_-1FT-000N-001G2-_-Product
"ZOTAC GeForce RTX 3060-12GD6 Destroyer (LHR) Video Card,12GB 192-bit GDDR6,PCI Express 4.0,1×HDMI Interface, 3×DisplayPort Interface",$599,https://www.newegg.com/p/1FT-00EK-00005?Description=3060&cm_re=3060-_-9SIA4REHA21639-_-Product
MSI GeForce RTX 3060 ITX 12GB GDDR6 PCI Express 4.0 Video Card RTX 3060 AERO ITX OC 12G LHR,$599,https://www.newegg.com/p/1FT-0009-00818?Description=3060&cm_re=3060-_-1FT-0009-00818-_-Product
HP Nvidia RTX 3060 Ti M31640-001 Gaming Video Graphics Card Non-LHR Ampere 8GB GDDR6 FHR Full Hash Rate,$599,https://www.newegg.com/hp-nvidia-rtx-3060-ti/p/27N-000R-00192?Description=3060&cm_re=3060-_-9SIAH05J5Y2870-_-Product
"ZOTAC GeForce RTX 3060 Ti 8GD6 Thunderbolt (LHR) Video Card,8GB 256-bit GDDR6,PCI Express 4.0,1×HDMI Interface, 3×DisplayPort Interface",$608,https://www.newegg.com/p/1FT-000M-00366?Description=3060&cm_re=3060-_-1FT-000M-00366-_-Product
"GIGABYTE GeForce RTX 3060 Ti GAMING PRO 8G Graphics Card, 3 x WINDFORCE Fans, 8GB 256-bit GDDR6, GV-N306TGAMING PRO-8GD Video Card",$609,https://www.newegg.com/gigabyte-geforce-rtx-3060-ti-gv-n306tgaming-pro-8gd/p/N82E16814932422?Description=3060&cm_re=3060-_-14-932-422-_-Product
"GIGABYTE GeForce RTX 3060 Ti GAMING OC PRO 8GB Video Card, GV-N306TGAMINGOC PRO-8GD",$609,https://www.newegg.com/gigabyte-geforce-rtx-3060-ti-gv-n306tgamingoc-pro-8gd/p/N82E16814932376?Description=3060&cm_re=3060-_-14-932-376-_-Product
"GEFORCE RTX 3060 Ti TWIN X2 LHR Graphics Card, 8GB 256-bit GDDR6, AMD Chip, Three Fans, Support PCI Express 4.0, 1410MHz Core Frequency and 14000MHz Memory Frequency,1x HDMI 2.1, 3x DisplayPort 1.4a",$609,https://www.newegg.com/inno3d-rtx-3060-ti-twin-x2-lhr/p/1FT-0040-00109?Description=3060&cm_re=3060-_-9SIA4REFH55564-_-Product
"GIGABYTE GeForce RTX 3060 Ti GAMING OC 8GB Video Card, GV-N306TGAMING OC-8GD",$609,https://www.newegg.com/gigabyte-geforce-rtx-3060-ti-gv-n306tgaming-oc-8gd/p/N82E16814932377?Description=3060&cm_re=3060-_-14-932-377-_-Product
NVIDIA GeForce RTX 3060 Ti Founders Edition GDDR6 Graphics Card,$610,https://www.newegg.com/nvidia-900-1g142-2520-000/p/1FT-0004-007J1?Description=3060&cm_re=3060-_-1FT-0004-007J1-_-Product
MSI Gaming GeForce RTX 3060 Ti LHR 8GB GDRR6 256-Bit HDMI/DP Nvlink Torx Fan 3 Ampere Architecture OC Graphics Card (RTX 3060 Ti Ventus 2X 8G OCV1 LHR),$618,https://www.newegg.com/msi-rtx-3060-ti-ventus-2x-8g-ocv1-lhr/p/1FT-0009-00A74?Description=3060&cm_re=3060-_-1FT-0009-00A74-_-Product
"AX GEFORCE RTX 3060 Ti X2W (LHR) Video Card,8GB 256-bit GDDR6,PCI Express 4.0,1×HDMI Interface, 3×DisplayPort Interface",$619,https://www.newegg.com/p/1FT-0040-00145?Description=3060&cm_re=3060-_-9SIA4REH8N4512-_-Product
MSI GeForce RTX 3060 Ti GAMING X 8G LHR NVIDIA 8GB GDDR6 Graphics Card,$627,https://www.newegg.com/p/1FT-0009-00925?Description=3060&cm_re=3060-_-9SIAD7HJEY1048-_-Product
"GEFORCE RTX 3060 Ti G Graphics Card, 8GB 256-bit GDDR6 (LHR Version)",$629,https://www.newegg.com/p/1FT-0040-000N7?Description=3060&cm_re=3060-_-9SIA4REFAJ4865-_-Product
"GALAXY GeForce RTX 3060 GAMER MAX OC (LHR) Video Card,12GB 192-bit GDDR6,PCI Express 4.0,1×HDMI Interface, 3×DisplayPort Interface",$629,https://www.newegg.com/galaxy-geforce-rtx-3060-gamer-max-oc/p/1FT-0040-00141?Description=3060&cm_re=3060-_-9SIA4REH886108-_-Product
ASUS GeForce RTX 3060 Ti KO V2 OC 8GB GDDR6 KO-RTX3060TI-O8G-V2-GAMING Video Graphic Card GPU,$634,https://www.newegg.com/asus-geforce-rtx-3060-ti/p/1FT-000Y-00860?Description=3060&cm_re=3060-_-9SIA25VHR53719-_-Product
MSI Gaming GeForce RTX 3060 Ti 8GB GDDR6 PCI Express 4.0 Video Card RTX 3060 Ti GAMING 8G LHR,$635,https://www.newegg.com/msi-geforce-rtx-3060-ti-rtx-3060-ti-gaming-8g-lhr/p/N82E16814137689?Description=3060&cm_re=3060-_-14-137-689-_-Product
"ASUS Phoenix NVIDIA GeForce RTX 3060 Gaming Graphics Card (PCIe 4.0, 12GB GDDR6 Memory, HDMI 2.1, DisplayPort 1.4a, Axial-tech Fan Design, Protective Backplate, Dual Ball Fan Bearings), PH-RTX3060-12G",$636,https://www.newegg.com/p/1FT-000Y-00720?Description=3060&cm_re=3060-_-9SIBBB1HCK4554-_-Product
"GIGABYTE AORUS GeForce RTX 3060 Ti ELITE 8G Graphics Card, 3 x WINDFORCE Fans, 8GB 256-bit GDDR6, GV-N306TAORUS E-8GD Video Card",$649,https://www.newegg.com/gigabyte-geforce-rtx-3060-ti-gv-n306taorus-e-8gd-ver-1-0/p/N82E16814932419?Description=3060&cm_re=3060-_-14-932-419-_-Product
ASUS TUF Gaming KIMETSU NO YAIBA EDITION GeForce RTX 3060 12GB GDDR6 PCI Express 4.0 Video Card TUF-RTX3060-O12G-KIMETSUNOYAIBA LHR,$649,https://www.newegg.com/p/1FT-000Y-007C6?Description=3060&cm_re=3060-_-9SIAPMXHBV6514-_-Product
EVGA NVIDIA GeForce RTX 3060 XC 12GB DDDR6 Video Card 12G-P5-3657-KR + HDMI - NEW,$649,https://www.newegg.com/evga-3060-xc-gaming/p/1FT-001K-00DF3?Description=3060&cm_re=3060-_-1FT-001K-00DF3-_-Product
"MAXSUN GeForce RTX 3060Ti iCraft OC 8G S1 (LHR) Video Card,8GB 256-bit GDDR6,1×HDMI Interface, 3×DisplayPort Interface",$649,https://www.newegg.com/p/1FT-009J-00095?Description=3060&cm_re=3060-_-1FT-009J-00095-_-Product
"GEFORCE RTX 3060Ti iCraft OC 8G S1 LHR Graphics Card,8GB 256-Bit GDDR6, NVIDIA Chip Support PCI Express 4.0,1410 Core Frequency and 14000MHz Video Memory Frequency",$649,https://www.newegg.com/mx-rtx-3060ti-icraft-oc-8g-s1-lhr/p/1FT-0040-000X2?Description=3060&cm_re=3060-_-9SIA4REFDD1601-_-Product
MSI Gaming GeForce RTX 3060 Ti 8GB GDDR6 PCI Express 4.0 Video Card RTX 3060 Ti Gaming X 8G LHR,$650,https://www.newegg.com/msi-geforce-rtx-3060-ti-rtx-3060-ti-gaming-x-8g-lhr/p/1FT-0009-00869?Description=3060&cm_re=3060-_-1FT-0009-00869-_-Product
ASUS Dual GeForce RTX 3060 Ti 8GB GDDR6 PCI Express 4.0 Video Card DUAL-RTX3060TI-8G,$656,https://www.newegg.com/asus-geforce-rtx-3060-ti-dual-rtx3060ti-8g/p/N82E16814126480?Description=3060&cm_re=3060-_-14-126-480-_-Product
"ASL RTX 3060 12G GAMING Video Card, LHR GPU Graphics 12GB 192-bit GDDR6 PCI Express 4.0,1777MHz Core Frequency,1×HDMI2.1 Interface, 3×DisplayPort1.4a Interface",$658,https://www.newegg.com/p/1FT-00CF-00006?Description=3060&cm_re=3060-_-9SIB86XHFW8995-_-Product
"GIGABYTE AORUS GeForce RTX 3060 ELITE 12G (LHR) Video Card,12GB 192-bit GDDR6,PCI Express 4.0,2×HDMI 2.1 Interface, 2×DisplayPort 1.4a Interface",$659,https://www.newegg.com/gigabyte-geforce-rtx-3060-gv-n3060aorus-e-12gd/p/1FT-000A-003F8?Description=3060&cm_re=3060-_-1FT-000A-003F8-_-Product
"GIGABYTE GeForce RTX 3060 Gaming OC 12G (REV2.0) Graphics Card, 3X WINDFORCE Fans, 12GB 192-bit GDDR6, GV-N3060GAMING OC-12GD REV2.0 Video Card",$666,https://www.newegg.com/gigabyte-geforce-rtx-3060-gv-n3060gaming-oc-12gd/p/1FT-000A-00448?Description=3060&cm_re=3060-_-1FT-000A-00448-_-Product
"GIGABYTE RTX 3060 Ti GAMING OC 8G(LHR) Video Card,8GB 256-bit GDDR6 PCI Express 4.0 16X,1740 MHz Core Frequency,2×HDMI 2.1 interface, 2×DisplayPort interface",$669,https://www.newegg.com/p/1FT-000A-00389?Description=3060&cm_re=3060-_-9SIA4REGPT1989-_-Product
"ZOTAC GeForce RTX 3060Ti-8GD6 TianQi GOC (LHR) Video Card,8GB 256-bit GDDR6,PCI Express 4.0,1×HDMI Interface, 3×DisplayPort Interface",$669,https://www.newegg.com/p/1FT-000M-00365?Description=3060&cm_re=3060-_-1FT-000M-00365-_-Product
NVIDIA GeForce RTX 3060 Ti Founders Edition 8GB,$670,https://www.newegg.com/p/1FT-0004-006X9?Description=3060&cm_re=3060-_-9SIAYTVH6A3706-_-Product
Asus TUF Gaming Nvidia Geforce RTX 3060 TI V2 OC Editon 8G GDDR6 Graphics Card,$671,https://www.newegg.com/p/1FT-000Y-00748?Description=3060&cm_re=3060-_-9SIAD7HJEY1033-_-Product
"GIGABYTE GeForce RTX 3060 Ti VISION OC 8G (LHR) Video Card,8GB 256-bit GDDR6,PCI Express 4.0,2×HDMI Interface, 2×DisplayPort 
 Interface",$679,https://www.newegg.com/gigabyte-geforce-rtx-3060-ti-vision-oc-8g/p/1FT-000A-003E5?Description=3060&cm_re=3060-_-1FT-000A-003E5-_-Product
MSI Gaming GeForce RTX 3060 Ti 8GB GDDR6 PCI Express 4.0 Video Card RTX 3060 Ti GAMING TRIO,$682,https://www.newegg.com/msi-geforce-rtx-3060-ti-rtx-3060-ti-gaming-trio/p/N82E16814137647?Description=3060&cm_re=3060-_-14-137-647-_-Product
"GEFORCE RTX 3060 Ti Chasing The Wind G Graphics Card, 8GB 256-bit GDDR6 (LHR version)",$689,https://www.newegg.com/p/1FT-0040-000N8?Description=3060&cm_re=3060-_-9SIA4REFAK4061-_-Product
"GIGABYTE AORUS GeForce RTX 3060 Ti ELITE 8G  (LHR) Video Card,8GB 256-bit GDDR6 PCI Express 4.0 x16,1785MHz Core Frequency,2×HDMI2.1 interface, 2×DisplayPort1.4a interface",$689,https://www.newegg.com/gigabyte-geforce-rtx-3060-ti-gv-n306taorus-e-8gd/p/1FT-000A-00391?Description=3060&cm_re=3060-_-1FT-000A-00391-_-Product
ASUS Dual GeForce RTX 3060 Ti 8GB GDDR6 PCI Express 4.0 Video Card DUAL-RTX3060TI-O8G,$690,https://www.newegg.com/asus-geforce-rtx-3060-ti-dual-rtx3060ti-o8g/p/N82E16814126468?Description=3060&cm_re=3060-_-9SIBBB1HJU4104-_-Product
"EVGA GeForce RTX 3060 Ti XC GAMING Video Card, 08G-P5-3663-KL, 8GB GDDR6, Metal Backplate, LHR",$699,https://www.newegg.com/evga-geforce-rtx-3060-ti-08g-p5-3663-kl/p/N82E16814487540?Description=3060&cm_re=3060-_-14-487-540-_-Product
GIGABYTE Eagle GeForce RTX 3060 Ti 8GB GDDR6 PCI Express 4.0 ATX Video Card GV-N306TEAGLE-8GD (rev. 2.0) (LHR),$699,https://www.newegg.com/gigabyte-geforce-rtx-3060-ti-gv-n306teagle-8gd/p/N82E16814932456?Description=3060&cm_re=3060-_-14-932-456-_-Product
MSI GeForce RTX 3060 Ti Gaming Z Trio 8G LHR NVIDIA 8GB GDDR6 Graphics Card,$699,https://www.newegg.com/p/1FT-0009-00921?Description=3060&cm_re=3060-_-9SIBFUMJ799427-_-Product
"EVGA GeForce RTX 3060 Ti FTW ULTRA GAMING Video Card, 08G-P5-3667-KL, 8GB GDDR6, iCX3 Cooling, ARGB LED, LHR",$699,https://www.newegg.com/p/1FT-001K-00DR1?Description=3060&cm_re=3060-_-1FT-001K-00DR1-_-Product
"ZOTAC GeForce RTX 3060Ti 8GD6 PGF OC (LHR) Video Card,8GB 256-bit GDDR6,PCI Express 4.0,1×HDMI Interface, 3×DisplayPort Interface",$699,https://www.newegg.com/zotac-geforce-rtx-3060-ti-rtx-3060ti-8gd6-pgf-oc/p/1FT-000M-00364?Description=3060&cm_re=3060-_-1FT-000M-00364-_-Product
"MSI Gaming GeForce RTX 3060 12GB 15 Gbps GDRR6 Graphics Card, Black",$701,https://www.newegg.com/msi-nvidia-geforce-rtx-3060/p/1FT-0009-008S3?Description=3060&cm_re=3060-_-9SIADDTGUM4191-_-Product
ASUS Dual NVIDIA GeForce RTX 3060 Ti 8GB V2 OC Edition GDDR6 Graphics Card,$702,https://www.newegg.com/p/1FT-000Y-00744?Description=3060&cm_re=3060-_-1FT-000Y-00744-_-Product
GIGABYTE AORUS GeForce RTX™ 3060 Ti ELITE 8G RTX 3060TI Support AMD Intel Desktop CPU NEW,$703,https://www.newegg.com/p/1FT-000A-003W6?Description=3060&cm_re=3060-_-9SIBBB1HE58474-_-Product
GEFORCE RTX 3060TI Ice Dragon Super Edition 8G GDDR6 Graphics Card (LHR Version),$709,https://www.newegg.com/p/1FT-0040-000K4?Description=3060&cm_re=3060-_-9SIA4REFA73889-_-Product
"ASUS ATS-RTX3060TI-O8G-GAMING(LHR) Video Card,8GB 256-bit GDDR6 PCI Express 4.0 x16,1740MHz Core Frequency,2×HDMI2.1, 3×DisplayPort1.4a",$719,https://www.newegg.com/asus-ga104-200-ats-rtx3060ti-o8g-gaming/p/1FT-000Y-006D2?Description=3060&cm_re=3060-_-1FT-000Y-006D2-_-Product
"INNO3D GeForce RTX 3060 Ti Black Gold Extreme Edition(LHR) Graphics Card, 8GB 256-bit GDDR6, PCI Express 4.0, 1×HDMI 2.1 Interface, 3×DisplayPort 1.4a Interface",$726,https://www.newegg.com/p/1FT-000N-001J8?Description=3060&cm_re=3060-_-9SIAYTVHY99225-_-Product
"MSI Gaming GeForce RTX 3060 Ti LHR 8GB OC Graphics Card, Black",$727,https://www.newegg.com/msi-nvidia-geforce-rtx-3060-ti/p/1FT-0009-008R4?Description=3060&cm_re=3060-_-9SIADDTGUM4285-_-Product
"GIGABYTE GeForce RTX 3060 VISION OC 12G Graphics Card, 3 x WINDFORCE Fans, 12GB 192-bit GDDR6, GV-N3060VISION OC-12GD Video Card(NOT LHR)",$727,https://www.newegg.com/gigabyte-geforce-rtx-3060-gv-n3060vision-oc-12gd/p/1FT-000A-003F1?Description=3060&cm_re=3060-_-9SIAXMKJF07692-_-Product
ASUS GeForce RTX 3060 Ti V2 OC 8GB GDDR6 TUF-RTX3060TI-O8G-V2-GAMING Video Graphic Card GPU,$730,https://www.newegg.com/asus-geforce-rtx-3060-ti/p/1FT-000Y-00793?Description=3060&cm_re=3060-_-1FT-000Y-00793-_-Product
"ASUS ROG Strix GeForce RTX 3060 Ti V2 OC Edition (LHR)Gaming Video Card,8GB 256-bit GDDR6,PCI Express 4.0,2 x HDMI 2.1,3 x DisplayPort 1.4a",$737,https://www.newegg.com/asus-geforce-rtx-3060-ti-rog-strix-rtx3060ti-o8g-v2-gaming/p/1FT-000Y-006K9?Description=3060&cm_re=3060-_-1FT-000Y-006K9-_-Product
"GIGABYTE GeForce RTX 3060 Ti GAMING OC PRO 8G (rev 2.0) Graphics Card, WINDFORCE 3x Cooling System, 8GB 256-bit GDDR6, GV-N306TGAMINGOC PRO-8GD Video Card",$739,https://www.newegg.com/p/1FT-000A-002H4?Description=3060&cm_re=3060-_-9SIAWKTJE75703-_-Product
MSI GeForce RTX 3060 Ti ITX 8GB GDDR6 PCI Express 4.0 Video Card RTX 3060 Ti AERO ITX OC 8G LHR -OPENBOX,$749,https://www.newegg.com/p/1FT-0009-009G5?Description=3060&cm_re=3060-_-9SIAGGGHR60079-_-Product
MSI Ventus GeForce RTX 3060 Ti 8GB GDDR6 PCI Express 4.0 Video Card RTX 3060 Ti VENTUS 2X,$758,https://www.newegg.com/msi-geforce-rtx-3060-ti-rtx-3060-ti-ventus-2x/p/N82E16814137615?Description=3060&cm_re=3060-_-9SIAVH0J263426-_-Product
"Inno3D GeForce RTX 3060 Ti Ice Dragon Edition (iCHILL X3) Graphics Card, PCIE 4.0  8GB 256-bit GDDR6, 1×HDMI Interface, 3×DisplayPort Interface Video Graphics Card,RED LED lighting GPU",$760,https://www.newegg.com/p/1FT-000N-001K0?Description=3060&cm_re=3060-_-9SIAYTVHY99229-_-Product
"GIGABYTE GeForce RTX 3060 Ti EAGLE OC 8GB Video Card, GV-N306TEAGLE OC-8GD (rev. 1.0)",$799,https://www.newegg.com/gigabyte-geforce-rtx-3060-ti-gv-n306teagle-oc-8gd/p/N82E16814932378R?Description=3060&cm_re=3060-_-14-932-378R-_-Product
MSI GeForce RTX 3060 ITX 12GB GDDR6 PCI Express 4.0 Video Card RTX 3060 AERO ITX 12G OC,$864,https://www.newegg.com/p/1FT-0009-008B4?Description=3060&cm_re=3060-_-9SIAKRFGS13027-_-Product
NVIDIA GeForce RTX 3060 Ti Founders Edition 8GB GDDR6 3060 TI FE Video Graphic Card GPU,$875,https://www.newegg.com/nvidia-geforce-rtx-3060-ti/p/1FT-0004-007R9?Description=3060&cm_re=3060-_-9SIB1PGJEK6359-_-Product
"EVGA GeForce RTX 3060 XC Black Gaming, 12G-P5-3655-KR, 12GB GDDR6, Dual-Fan",$893,https://www.newegg.com/p/1FT-001K-00DS2?Description=3060&cm_re=3060-_-1FT-001K-00DS2-_-Product
MSI GeForce RTX 3060 AERO ITX 12G OC LHR,$899,https://www.newegg.com/p/1FT-0009-00721?Description=3060&cm_re=3060-_-9SIAKRFGMT5792-_-Product
MSI Gaming GeForce RTX 3060 Ti 8GB GDDR6 PCI Express 4.0 Video Card RTX 3060 Ti TWIN FAN 8G OC LHR,$899,https://www.newegg.com/p/1FT-0009-00768?Description=3060&cm_re=3060-_-9SIAPMXGDA6644-_-Product
ASUS ROG STRIX GeForce RTX 3060 Ti 8GB GDDR6 PCI Express 4.0 Video Card ROG-STRIX-RTX3060TI-O8G-GAMING,$899,https://www.newegg.com/asus-geforce-rtx-3060-ti-rog-strix-rtx3060ti-o8g-gaming/p/N82E16814126470?Description=3060&cm_re=3060-_-14-126-470-_-Product
PNY Uprising Dual Fan Edition NVIDIA GeForce RTX 3060 12GB GDDR6 Graphics Card,$911,https://www.newegg.com/p/1FT-000P-004R3?Description=3060&cm_re=3060-_-9SIAD7HJEY1047-_-Product
ASUS GeForce RTX 3060 V2 OC 12GB GDDR6 ROG-STRIX-RTX3060-O12G-V2-GAMING Video Graphic Card GPU,$923,https://www.newegg.com/asus-geforce-rtx-3060/p/1FT-000Y-00787?Description=3060&cm_re=3060-_-1FT-000Y-00787-_-Product
"PNY GeForce RTX 3060 12GB UPRISING Dual Fan Graphics card ,VCG306012DFMPB",$940,https://www.newegg.com/p/1FT-000P-004E7?Description=3060&cm_re=3060-_-9SIAEUYG678373-_-Product
Asus TUF-RTX3060TI-O8G-V2-GAMING Graphics GeForce RTX™ 3060 Ti V2 OC Edition 8GB GDDR6 LHR Version,$952,https://www.newegg.com/p/1FT-000Y-006T9?Description=3060&cm_re=3060-_-9SIBBB1HEW9345-_-Product
Asus TUF-RTX3060TI-O8G-V2-GAMING GeForce RTX™ 3060 Ti V2 OC Edition 8GB GDDR6 LHR Version Graphics,$952,https://www.newegg.com/p/1FT-000Y-006U6?Description=3060&cm_re=3060-_-9SIBBB1HEW9352-_-Product
"2021 Newst ASUS TUF Gaming NVIDIA GeForce RTX 3060 Ti OC Edition Graphics Card (PCIe 4.0, 8GB GDDR6,",$952,https://www.newegg.com/p/1FT-000Y-006S9?Description=3060&cm_re=3060-_-9SIBBB1HEW9333-_-Product
GIGABYTE RTX 3060 Gaming OC D6 12GB (Jch),$960,https://www.newegg.com/p/1FT-000A-001X7?Description=3060&cm_re=3060-_-9SIAUYWF1P0776-_-Product
MSI Gaming GeForce RTX 3060 12GB GDDR6 PCI Express 4.0 Video Card RTX 3060 Gaming X 12G,$992,https://www.newegg.com/p/1FT-0009-00941?Description=3060&cm_re=3060-_-9SIA4REJEZ5565-_-Product
MSI Nvidia GeForce RTX 3060 TI Ventus 2x 8GB OCV1 LHR PCIe4 x16 HDMI 3xDP,$997,https://www.newegg.com/p/1FT-0009-00954?Description=3060&cm_re=3060-_-9SIAA4THZ25967-_-Product
ASUS Dual GeForce RTX 3060 12GB GDDR6 PCI Express 4.0 Video Card DUAL-RTX3060-O12G-V2,$999,https://www.newegg.com/asus-geforce-rtx-3060-dual-rtx3060-o12g-v2/p/1FT-000Y-006D5?Description=3060&cm_re=3060-_-9SIAWKTJE78933-_-Product
"ZOTAC GAMING GeForce RTX 3060 Twin Edge OC 12GB GDDR6 192-bit 15 Gbps PCIE 4.0 Gaming Graphics Card, IceStorm 2.0 Cooling, Active Fan Control, FREEZE Fan Stop ZT-A30600H-10M",$1001,https://www.newegg.com/p/1FT-00EK-00004?Description=3060&cm_re=3060-_-9SIAKRFG0G4843-_-Product
MSI GeForce RTX 3060 Ti ITX 8GB GDDR6 PCI Express 4.0 Video Card RTX 3060 Ti AERO ITX OC 8G LHR,$1009,https://www.newegg.com/p/1FT-0009-006X0?Description=3060&cm_re=3060-_-1FT-0009-006X0-_-Product
EVGA NVIDIA EVGA GeForce RTX 3060 Ti XC GAMING 8GB LHR Graphics Card (08G-P5-3663-KL),$1031,https://www.newegg.com/p/1FT-001K-00F46?Description=3060&cm_re=3060-_-9SIAKRFH5D2697-_-Product
MSI GeForce RTX™ 3060 Ti AERO ITX 8G OC LHR,$1093,https://www.newegg.com/msi-geforce-rtx-3060-ti-rtx3060ti-aero-itx8g/p/1FT-0009-006K4?Description=3060&cm_re=3060-_-9SIAPMXGE14845-_-Product
MSI GeForce RTX 3060 Ti AERO ITX 8G OC LHR,$1099,https://www.newegg.com/msi-geforce-rtx-3060-ti-3060-ti-aero-itx-8g-oc-lhr/p/1FT-0009-006K7?Description=3060&cm_re=3060-_-1FT-0009-006K7-_-Product
"MSI GeForce RTX 3060 VENTUS 2X 12G OC(LHR) Video Card,12GB 192-bit GDDR6,PCI Express 4.0,1×HDMI Interface, 3×DisplayPort Interface",$1112,https://www.newegg.com/msi-geforce-rtx-3060-ventus-2x-12g-oc/p/1FT-0009-008W1?Description=3060&cm_re=3060-_-9SIAUNCGWJ9769-_-Product
Dell nVIDIA GeForce RTX 3060 RTX3060 12GB GDDR6 PCIex16 3 X DP HDMI H74DC,$1139,https://www.newegg.com/p/1FT-0001-008C4?Description=3060&cm_re=3060-_-9SIAA4THFS1869-_-Product
"ZOTAC Gaming GeForce RTX 3060 Ti Twin Edge OC LHR 8GB GDDR6 256-bit 14 Gbps PCIE 4.0 Gaming Graphics Card, IceStorm 2.0 Advanced Cooling, Active Fan Control, Freeze Fan Stop",$1175,https://www.newegg.com/p/1FT-000M-00387?Description=3060&cm_re=3060-_-9SIB7VEHAH4214-_-Product
"CLX SET Gaming Desktop - Intel Core i5 10400F 2.9GHz 6-Core Processor, 16GB DDR4 Memory, GeForce RTX 3060 12GB GDDR6 Graphics, 500GB NVMe M.2 SSD, 2TB HDD, WiFi, Win 11 Home 64-bit",$1199,https://www.newegg.com/clx-tgmsetrtm1614wm/p/3D5-000B-002H4?Item=9SIABFSFEM7896&Description=3060&cm_re=3060-_-9SIABFSFEM7896-_-Product&cm_sp=SP-_-1256438-_-0-_-2-_-9SIABFSFEM7896-_-3060-_-3060-_-33
GIGABYTE Gaming GeForce RTX 3060 12GB GDDR6 PCI Express 4.0 ATX Video Card GV-N3060GAMING OC-12GD (rev. 1.0) NON LHR,$1199,https://www.newegg.com/p/1FT-000A-002N5?Description=3060&cm_re=3060-_-9SIAPMXFU16049-_-Product
MSI Ventus GeForce RTX 3060TI 8GB GDDR6 PCI Express 4.0 Video Card RTX 3060TI Ventus 3X 8G OC,$1229,https://www.newegg.com/p/1FT-0009-006E9?Description=3060&cm_re=3060-_-1FT-0009-006E9-_-Product
"GIGABYTE AORUS GeForce RTX 3060 ELITE 12G Graphics Card, 3 x WINDFORCE Fans, 12GB 192-bit GDDR6, GV-N3060AORUS E-12GD Video Card(NOT LHR)",$1348,https://www.newegg.com/gigabyte-geforce-rtx-3060-gv-n3060aorus-e-12gd/p/1FT-000A-003F0?Description=3060&cm_re=3060-_-1FT-000A-003F0-_-Product
"CLX SET Gaming Desktop - Liquid Cooled Intel Core i7 10700F 2.9GHz 8-Core Processor, 16GB DDR4 Memory, GeForce RTX 3060 12GB GDDR6 Graphics, 500GB NVMe M.2 SSD, 3TB HDD, WiFi, Win 11 Home 64-bit",$1399,https://www.newegg.com/clx-tgmsetrth1617wm/p/3D5-000B-002D9?Item=9SIABFSFEM7860&Description=3060&cm_re=3060-_-9SIABFSFEM7860-_-Product&cm_sp=SP-_-1256454-_-0-_-2-_-9SIABFSFEM7860-_-3060-_-3060-_-30
Dell nVIDIA GeForce RTX 3060 TI 8GB GDDR6 PCI-e x16 3 x DP/HDMI NO LHR 086RMK,$1449,https://www.newegg.com/p/1FT-0001-008C2?Description=3060&cm_re=3060-_-9SIAA4THBK9657-_-Product
"CLX SET Gaming Desktop - Liquid Cooled Intel Core i7 10700KF 3.8GHz 8-Core Processor, 32GB DDR4 Memory, GeForce RTX 3060 12GB GDDR6 Graphics, 500GB SSD, 4TB HDD, WiFi, Windows 11 Home 64-bit",$1699,https://www.newegg.com/clx-tgmsetrth1645bm/p/3D5-000B-002A7?Item=9SIABFSFD14966&Description=3060&cm_re=3060-_-9SIABFSFD14966-_-Product&cm_sp=SP-_-1256438-_-0-_-2-_-9SIABFSFD14966-_-3060-_-3060-_-10
"CLX SET Gaming Desktop - Liquid Cooled Intel Core i7 11700KF 3.6GHz 8-Core Processor, 32GB DDR4 Memory, GeForce RTX 3060 12GB GDDR6 Graphics, 500GB SSD, 4TB HDD, WiFi, Windows 11 Home 64-bit",$1749,https://www.newegg.com/clx-tgmsetrth1644bm/p/3D5-000B-002A2?Item=9SIABFSFD14961&Description=3060&cm_re=3060-_-9SIABFSFD14961-_-Product&cm_sp=SP-_-1351327-_-0-_-2-_-9SIABFSFD14961-_-3060-_-3060-_-9
GIGABYTE GeForce RTX 3060 Ti EAGLE V2 D6 8GB South Korea,$1750,https://www.newegg.com/p/27N-0022-000H0?Description=3060&cm_re=3060-_-9SIAUYWH880346-_-Product
"Cobratype Anaconda Gaming Desktop PC - Intel i9-10900F, RTX 3060, 32GB DDR4, 1TB NVMe, AIO Liquid Cooler, Windows 11 Pro",$1799,https://www.newegg.com/p/3D5-000D-001A4?Item=9SIAHT3HRC1118&Description=3060&cm_re=3060-_-9SIAHT3HRC1118-_-Product&cm_sp=SP-_-574846-_-0-_-0-_-9SIAHT3HRC1118-_-3060-_-3060-_-29
"Cobratype Boomslang Gaming Desktop PC - Intel Core i7 12700KF, NVIDIA RTX 3060, 32 GB DDR4, 1 TB NVMe, AIO Liquid Cooler, Windows 11  Pro",$1899,https://www.newegg.com/p/3D5-000D-000Z4?Item=9SIAHT3GRN1105&Description=3060&cm_re=3060-_-9SIAHT3GRN1105-_-Product&cm_sp=SP-_-574846-_-0-_-0-_-9SIAHT3GRN1105-_-3060-_-3060-_-6
"Cobratype Parias Gaming Desktop PC - Intel i9-10900F, RTX 3060, 32 GB DDR4, 2 TB NVMe, AIO Liquid Cooler, Windows 11 Pro",$1929,https://www.newegg.com/cobratype-parias3060/p/3D5-000D-00138?Item=9SIAHT3H879934&Description=3060&cm_re=3060-_-9SIAHT3H879934-_-Product&cm_sp=SP-_-574846-_-0-_-1-_-9SIAHT3H879934-_-3060-_-3060-_-5
"Cobratype Boomslang Gaming Desktop PC - Intel Core i7 12700KF, NVIDIA RTX 3060 Ti, 32 GB DDR4, 1 TB NVMe, AIO Liquid Cooler, Windows 11 Pro",$1999,https://www.newegg.com/p/3D5-000D-001E5?Item=9SIAHT3HXY8686&Description=3060&cm_re=3060-_-9SIAHT3HXY8686-_-Product&cm_sp=SP-_-574846-_-0-_-0-_-9SIAHT3HXY8686-_-3060-_-3060-_-10
"Cobratype Chimera Gaming Desktop PC - Intel Core i9-12900KF, NVIDIA RTX 3060, 32GB DDR4, 2 x 2TB NVMe, AIO Liquid Cooler, Windows 11 Pro",$2699,https://www.newegg.com/p/3D5-000D-00102?Item=9SIAHT3H076600&Description=3060&cm_re=3060-_-9SIAHT3H076600-_-Product&cm_sp=SP-_-574846-_-0-_-0-_-9SIAHT3H076600-_-3060-_-3060-_-6
